Admin2,1/22/20,1/23/20,1/24/20,1/25/20,1/26/20,1/27/20,1/28/20,1/29/20,1/30/20,1/31/20,2/1/20,2/2/20,2/3/20,2/4/20,2/5/20,2/6/20,2/7/20,2/8/20,2/9/20,2/10/20,2/11/20,2/12/20,2/13/20,2/14/20,2/15/20,2/16/20,2/17/20,2/18/20,2/19/20,2/20/20,2/21/20,2/22/20,2/23/20,2/24/20,2/25/20,2/26/20,2/27/20,2/28/20,2/29/20,3/1/20,3/2/20,3/3/20,3/4/20,3/5/20,3/6/20,3/7/20,3/8/20,3/9/20,3/10/20,3/11/20,3/12/20,3/13/20,3/14/20,3/15/20,3/16/20,3/17/20,3/18/20,3/19/20,3/20/20,3/21/20,3/22/20,3/23/20,3/24/20,3/25/20,3/26/20,3/27/20,3/28/20,3/29/20,3/30/20,3/31/20,4/1/20,4/2/20,4/3/20,4/4/20,4/5/20,4/6/20,4/7/20,4/8/20,4/9/20,4/10/20,4/11/20,4/12/20,4/13/20,4/14/20,4/15/20,4/16/20,4/17/20,4/18/20,4/19/20,4/20/20,4/21/20,4/22/20,4/23/20,4/24/20,4/25/20,4/26/20,4/27/20,4/28/20,4/29/20,4/30/20,5/1/20,5/2/20,5/3/20,5/4/20,5/5/20,5/6/20,5/7/20,5/8/20,5/9/20,5/10/20,5/11/20,5/12/20,5/13/20,5/14/20,5/15/20,5/16/20,5/17/20,5/18/20,5/19/20,5/20/20,5/21/20,5/22/20,5/23/20,5/24/20,5/25/20,5/26/20,5/27/20,5/28/20,5/29/20,5/30/20,5/31/20,6/1/20,6/2/20,6/3/20,6/4/20,6/5/20,6/6/20,6/7/20,6/8/20,6/9/20,6/10/20,6/11/20,6/12/20,6/13/20,6/14/20,6/15/20,6/16/20,6/17/20,6/18/20,6/19/20,6/20/20,6/21/20,6/22/20,6/23/20,6/24/20,6/25/20,6/26/20,6/27/20,6/28/20,6/29/20,6/30/20,7/1/20,7/2/20,7/3/20,7/4/20,7/5/20,7/6/20,7/7/20,7/8/20,7/9/20,7/10/20,7/11/20,7/12/20,7/13/20,7/14/20,7/15/20,7/16/20,7/17/20,7/18/20,7/19/20,7/20/20,7/21/20,7/22/20,7/23/20,7/24/20,7/25/20,7/26/20,7/27/20,7/28/20,7/29/20,7/30/20,7/31/20,8/1/20,8/2/20,8/3/20,8/4/20,8/5/20,8/6/20,8/7/20,8/8/20,8/9/20,8/10/20,8/11/20,8/12/20,8/13/20,8/14/20,8/15/20,8/16/20,8/17/20,8/18/20,8/19/20,8/20/20,8/21/20,8/22/20,8/23/20,8/24/20,8/25/20,8/26/20,8/27/20,8/28/20,8/29/20,8/30/20,8/31/20,9/1/20,9/2/20,9/3/20,9/4/20,9/5/20,9/6/20,9/7/20,9/8/20,9/9/20,9/10/20,9/11/20,9/12/20,9/13/20,9/14/20,9/15/20,9/16/20,9/17/20,9/18/20,9/19/20,9/20/20,9/21/20,9/22/20,9/23/20,9/24/20,9/25/20,9/26/20,9/27/20,9/28/20,9/29/20,9/30/20,10/1/20,10/2/20,10/3/20,10/4/20,10/5/20,10/6/20,10/7/20,10/8/20,10/9/20,10/10/20,10/11/20,10/12/20,10/13/20,10/14/20,10/15/20,10/16/20,10/17/20,10/18/20,10/19/20,10/20/20,10/21/20,10/22/20,10/23/20,10/24/20,10/25/20,10/26/20,10/27/20,10/28/20,10/29/20,10/30/20,10/31/20,11/1/20,11/2/20,11/3/20,11/4/20,11/5/20,11/6/20,11/7/20,11/8/20,11/9/20,11/10/20,11/11/20,11/12/20,11/13/20,11/14/20,11/15/20,11/16/20,11/17/20,11/18/20,11/19/20
Adams,0,0,0,0,0,0,0,0,0,0,0,0,0,0,0,0,0,0,0,0,0,0,0,0,0,0,0,0,0,0,0,0,0,0,0,0,0,0,0,0,0,0,0,0,0,0,0,0,0,0,0,0,0,0,0,0,0,0,0,0,0,0,0,0,0,0,0,0,0,0,0,1,1,1,1,2,2,2,2,2,2,2,3,3,3,3,4,4,4,4,4,4,4,4,4,4,4,4,4,4,4,4,4,4,4,4,4,4,4,4,4,4,4,4,4,4,4,4,4,4,4,4,4,4,4,4,4,4,4,4,4,4,4,4,4,5,5,5,5,6,6,6,7,7,8,8,8,9,10,10,10,10,11,11,11,12,14,15,15,19,19,19,20,23,27,32,33,33,35,35,37,37,41,41,43,45,46,49,51,51,52,54,54,54,56,60,61,62,64,65,66,69,69,73,73,76,79,82,82,85,85,86,86,89,91,93,94,94,94,94,96,97,98,98,99,99,101,102,102,106,108,110,112,119,121,124,134,139,146,149,149,150,151,154,160,163,163,170,174,181,183,192,200,205,209,214,219,226,227,251,253,255,259,265,270,276,277,277,279,281,287,290,297,305,313,319,334,340,352,352,352,422,436,448,448,458,481,489,500,535,548,581,601,616,630,638,654,709,721,735,759,777,789,809,817,841,880,888,907,914,926,949,985
Ashland,0,0,0,0,0,0,0,0,0,0,0,0,0,0,0,0,0,0,0,0,0,0,0,0,0,0,0,0,0,0,0,0,0,0,0,0,0,0,0,0,0,0,0,0,0,0,0,0,0,0,0,0,0,0,0,0,0,0,0,0,0,0,0,0,0,0,0,0,0,1,1,1,1,1,1,1,1,1,1,1,1,2,2,2,2,2,2,2,2,2,2,2,2,2,2,2,2,2,2,2,2,2,2,2,2,2,2,2,2,2,2,2,2,2,2,2,2,2,2,2,2,2,2,2,2,2,2,2,2,2,2,2,2,2,2,3,3,3,3,3,3,3,3,3,3,3,3,3,3,3,3,3,3,3,3,3,3,3,3,3,3,3,3,3,3,3,3,3,3,3,5,7,8,8,8,8,8,10,10,10,10,11,11,13,14,14,15,15,15,15,15,15,19,20,20,20,21,22,24,24,25,25,26,27,29,30,30,30,30,30,30,30,30,30,31,31,33,33,34,34,34,34,34,36,35,35,37,37,37,37,37,38,38,38,38,42,42,43,46,48,49,53,61,62,70,74,82,90,99,103,110,122,127,133,140,150,157,159,161,168,173,180,188,194,197,204,208,210,214,214,214,244,249,255,261,266,268,276,280,285,291,295,301,310,311,317,334,349,362,384,399,405,426,440,456,476,494,506,519,532,547,560,570
Barron,0,0,0,0,0,0,0,0,0,0,0,0,0,0,0,0,0,0,0,0,0,0,0,0,0,0,0,0,0,0,0,0,0,0,0,0,0,0,0,0,0,0,0,0,0,0,0,0,0,0,0,0,0,0,0,0,0,0,0,0,0,0,0,0,0,0,0,0,0,0,0,0,1,1,4,4,4,4,5,6,6,6,6,6,6,6,6,6,6,6,6,6,6,6,6,6,6,6,6,6,6,7,7,7,7,7,7,10,10,12,11,11,11,11,11,11,11,11,11,11,11,11,12,12,12,12,14,14,15,17,17,20,20,21,20,20,20,20,20,20,21,21,24,24,25,25,26,26,30,30,31,31,31,31,32,32,32,34,34,34,34,34,35,36,36,36,36,36,37,39,41,43,46,48,51,54,59,66,69,70,74,78,82,87,96,99,116,125,133,145,207,228,253,255,259,264,273,276,282,291,293,295,296,308,315,320,323,326,328,328,343,346,347,353,358,358,359,362,363,367,371,370,370,372,375,381,382,385,388,392,393,393,394,394,395,396,398,401,403,405,407,411,420,420,422,425,437,444,456,466,478,482,490,498,504,516,522,522,528,535,553,575,598,618,631,645,678,701,730,730,730,831,858,889,926,962,1002,1048,1094,1125,1163,1209,1255,1313,1352,1421,1456,1527,1620,1723,1836,1900,1960,2032,2094,2171,2227,2441,2686,2769,2802,2930,3070
Bayfield,0,0,0,0,0,0,0,0,0,0,0,0,0,0,0,0,0,0,0,0,0,0,0,0,0,0,0,0,0,0,0,0,0,0,0,0,0,0,0,0,0,0,0,0,0,0,0,0,0,0,0,0,0,0,0,0,0,1,1,1,1,1,1,1,1,2,2,2,2,2,3,3,3,3,3,3,3,3,3,3,3,3,3,3,3,3,3,3,3,3,3,3,3,3,3,3,3,3,3,3,3,3,3,3,3,3,3,3,3,3,3,3,3,3,3,3,3,3,3,3,3,3,3,3,3,3,3,3,3,3,3,3,3,3,3,3,3,3,3,3,3,3,3,3,3,3,3,3,3,3,3,3,3,3,3,3,3,3,3,3,3,3,3,3,3,3,3,4,4,4,5,6,6,7,9,11,11,12,13,13,13,13,14,15,16,16,18,19,19,19,18,18,19,20,20,21,21,21,22,23,27,28,29,29,30,32,32,34,37,37,39,40,40,41,41,41,42,41,42,43,44,45,45,46,47,47,50,52,55,56,58,63,65,66,66,66,67,69,71,73,76,78,82,83,86,89,93,96,99,100,105,113,115,120,121,125,127,130,131,131,131,136,147,150,150,156,161,166,168,168,168,186,194,196,202,210,214,218,231,235,240,255,266,277,292,316,326,350,356,371,393,402,418,446,454,482,501,519,542,560,580,589,604
Brown,0,0,0,0,0,0,0,0,0,0,0,0,0,0,0,0,0,0,0,0,0,0,0,0,0,0,0,0,0,0,0,0,0,0,0,0,0,0,0,0,0,0,0,0,0,0,0,0,0,0,0,0,0,0,0,0,1,2,2,3,3,3,3,3,4,5,6,6,7,9,11,17,24,24,29,39,41,41,50,55,60,68,77,97,114,139,180,204,215,285,314,402,455,605,720,776,853,920,971,1057,1175,1272,1358,1448,1545,1653,1706,1777,1834,1897,1924,1958,1982,1999,2034,2070,2096,2102,2118,2135,2177,2204,2238,2243,2249,2249,2285,2300,2308,2318,2319,2320,2334,2350,2361,2369,2374,2377,2377,2399,2405,2421,2442,2458,2469,2469,2492,2507,2520,2538,2572,2580,2581,2620,2661,2698,2738,2777,2826,2825,2873,2916,2937,2968,2997,3018,3049,3072,3087,3123,3144,3197,3228,3229,3305,3348,3393,3407,3462,3507,3510,3596,3629,3667,3688,3735,3766,3768,3822,3855,3896,3919,3962,4008,4011,4063,4100,4151,4193,4240,4264,4264,4340,4352,4391,4425,4469,4505,4505,4505,4656,4682,4739,4906,4959,4969,5074,5143,5194,5262,5319,5370,5376,5469,5508,5550,5689,5787,5845,5885,5892,6067,6176,6234,6366,6491,6490,6657,6817,7013,7183,7400,7484,7563,7703,8032,8221,8499,8778,8897,8985,9223,9536,9796,10022,10398,10453,10482,10609,10854,11173,11386,11709,11801,11804,12045,12220,12519,12848,12848,12848,13497,13666,13912,14238,14556,14724,14887,14903,15432,15710,16084,16341,16484,16581,16752,16937,17376,17681,17927,18281,18384,18411,18667,19280,19627,19926,20227,20312,20336,20565,20782,21047
Buffalo,0,0,0,0,0,0,0,0,0,0,0,0,0,0,0,0,0,0,0,0,0,0,0,0,0,0,0,0,0,0,0,0,0,0,0,0,0,0,0,0,0,0,0,0,0,0,0,0,0,0,0,0,0,0,0,0,0,0,0,0,0,0,0,0,0,0,0,0,0,1,1,2,2,2,2,2,2,2,2,2,3,3,3,4,4,4,4,4,4,4,4,4,4,4,4,4,4,4,4,4,4,4,4,5,6,6,5,5,5,5,5,5,5,5,5,5,5,5,5,5,5,5,5,5,5,5,5,5,5,6,6,6,6,6,6,6,6,6,6,6,6,7,7,7,7,7,7,7,6,7,6,6,6,7,7,7,7,7,7,7,7,8,7,8,8,8,8,9,10,11,11,13,14,15,16,21,21,19,20,22,25,29,28,33,34,36,36,36,37,40,41,41,41,41,41,42,42,42,44,43,43,44,44,45,45,45,47,47,47,47,49,50,51,51,52,54,56,58,58,58,60,64,64,67,69,77,84,89,89,93,93,97,98,99,100,104,104,111,114,117,119,118,119,121,124,128,130,134,138,139,140,141,143,147,151,156,159,160,160,161,165,169,174,174,177,178,185,191,197,197,197,214,219,225,232,241,249,255,261,273,283,301,316,337,345,350,361,380,394,418,440,450,454,474,498,518,549,562,579,593,612,634,658
Burnett,0,0,0,0,0,0,0,0,0,0,0,0,0,0,0,0,0,0,0,0,0,0,0,0,0,0,0,0,0,0,0,0,0,0,0,0,0,0,0,0,0,0,0,0,0,0,0,0,0,0,0,0,0,0,0,0,0,0,0,0,0,0,0,0,0,0,0,0,0,0,0,0,0,0,0,0,0,0,0,0,0,0,0,0,0,0,0,0,0,0,0,0,0,0,0,0,0,0,0,0,0,0,0,0,0,0,0,0,0,0,0,0,0,1,1,1,1,2,1,1,1,1,1,1,1,1,1,1,1,1,1,1,1,1,1,1,1,1,1,1,1,1,2,2,2,2,3,3,2,2,2,2,2,2,2,2,2,3,3,3,3,3,3,3,4,4,4,5,5,6,5,5,5,5,5,5,5,5,5,5,5,5,6,7,9,9,9,11,13,13,13,13,14,14,18,19,21,22,21,22,22,22,22,23,25,28,27,27,28,28,29,31,33,33,33,33,33,37,39,38,40,40,40,40,43,44,45,48,52,54,54,57,59,64,68,75,77,85,90,97,101,114,122,124,140,155,165,172,186,190,194,199,205,208,212,217,220,222,226,233,238,239,242,246,246,247,250,255,261,261,261,282,290,295,299,306,306,307,311,322,326,329,335,343,344,347,361,374,388,401,404,421,426,456,471,494,520,546,564,567,599,638,660
Calumet,0,0,0,0,0,0,0,0,0,0,0,0,0,0,0,0,0,0,0,0,0,0,0,0,0,0,0,0,0,0,0,0,0,0,0,0,0,0,0,0,0,0,0,0,0,0,0,0,0,0,0,0,0,0,0,0,0,1,1,1,1,1,1,1,1,1,1,1,1,1,2,3,3,3,4,4,4,4,4,4,4,4,5,5,5,5,5,5,6,6,6,6,6,7,7,7,9,10,12,13,14,16,18,19,20,20,22,34,35,40,41,43,44,46,55,56,57,58,58,60,61,67,69,69,70,73,74,74,75,76,76,77,78,79,79,79,79,80,81,81,81,83,84,86,86,86,87,88,90,90,90,92,92,92,92,94,96,97,103,106,108,111,112,113,117,118,119,125,127,133,143,151,154,159,161,165,169,176,184,186,188,190,192,201,204,214,215,218,221,224,230,236,246,256,258,266,276,288,296,313,320,330,334,340,355,372,387,403,402,402,412,417,428,438,442,450,452,461,473,484,491,500,502,513,520,532,554,574,587,602,611,619,632,643,668,687,700,713,737,769,819,854,869,894,921,942,984,1012,1105,1144,1183,1236,1282,1342,1402,1472,1527,1571,1591,1662,1726,1771,1813,1886,1928,1992,2040,2094,2174,2174,2174,2335,2386,2433,2513,2580,2630,2669,2689,2737,2757,2804,2838,2886,2925,2961,3034,3072,3132,3173,3233,3261,3325,3376,3435,3496,3570,3624,3671,3725,3787,3841,3897
Chippewa,0,0,0,0,0,0,0,0,0,0,0,0,0,0,0,0,0,0,0,0,0,0,0,0,0,0,0,0,0,0,0,0,0,0,0,0,0,0,0,0,0,0,0,0,0,0,0,0,0,0,0,0,0,0,0,0,0,0,1,1,1,1,1,1,1,3,4,4,7,8,10,11,14,14,16,16,16,16,17,18,18,20,20,20,20,20,20,21,20,20,20,20,20,20,20,20,20,21,21,22,23,23,25,25,25,27,27,27,29,29,30,31,31,33,37,39,39,41,42,43,45,46,48,49,53,54,54,53,55,56,56,56,57,58,58,58,58,59,59,59,60,61,64,63,62,62,63,63,65,65,67,69,70,70,71,76,78,82,82,84,84,88,91,95,99,102,105,118,124,127,130,132,139,140,141,145,151,151,151,154,161,165,172,177,183,188,192,194,198,198,203,208,209,209,210,212,213,218,223,227,230,239,241,244,252,259,266,274,279,279,284,288,293,293,301,302,304,312,323,331,342,345,347,350,354,364,371,376,378,382,385,389,395,403,409,418,420,423,434,447,456,466,476,480,482,489,498,517,522,546,555,567,585,595,610,630,641,649,667,698,730,763,787,812,833,859,887,959,1017,1017,1017,1153,1159,1245,1308,1347,1430,1430,1567,1615,1719,1825,1901,1976,1994,2069,2163,2298,2472,2642,2751,2791,2838,3022,3126,3263,3398,3478,3551,3620,3733,3836,3933
Clark,0,0,0,0,0,0,0,0,0,0,0,0,0,0,0,0,0,0,0,0,0,0,0,0,0,0,0,0,0,0,0,0,0,0,0,0,0,0,0,0,0,0,0,0,0,0,0,0,0,0,0,0,0,0,0,0,0,0,0,0,0,0,0,1,1,2,3,3,3,3,5,6,6,6,6,7,7,7,7,7,7,8,8,8,9,10,12,14,16,16,17,18,18,19,19,19,19,20,20,20,20,20,21,21,21,22,23,23,24,24,24,24,24,25,25,26,28,28,29,30,29,28,28,28,28,28,29,32,32,31,32,33,33,35,37,39,42,42,42,45,45,45,50,50,50,51,51,53,56,56,58,58,60,60,64,64,67,69,70,70,72,77,81,82,86,87,87,87,88,93,98,99,101,111,118,121,128,130,132,139,141,142,147,152,154,156,157,158,161,166,167,168,173,174,177,179,179,180,183,183,184,188,189,190,191,196,195,197,200,200,202,206,211,224,228,230,230,234,236,236,239,240,241,246,247,248,257,257,259,260,260,261,264,277,283,288,290,297,306,307,313,320,325,325,331,347,359,373,384,397,402,407,416,436,444,470,474,479,491,502,510,524,532,546,556,562,578,599,623,623,623,732,745,772,799,833,860,881,894,935,958,982,1039,1078,1101,1124,1150,1192,1244,1309,1367,1391,1420,1469,1546,1596,1691,1746,1805,1823,1873,1923,1965
Columbia,0,0,0,0,0,0,0,0,0,0,0,0,0,0,0,0,0,0,0,0,0,0,0,0,0,0,0,0,0,0,0,0,0,0,0,0,0,0,0,0,0,0,0,0,0,0,0,0,0,0,0,0,0,0,0,0,0,4,5,5,5,5,5,5,5,6,7,9,9,14,14,15,18,18,19,21,23,23,25,24,24,24,25,25,27,27,27,27,27,27,27,27,27,27,27,27,27,27,27,27,28,29,29,30,32,32,32,32,32,32,32,34,34,34,34,36,36,36,36,37,36,37,37,37,38,38,40,42,43,44,44,44,44,44,44,44,44,46,46,47,49,50,55,56,56,56,58,59,60,63,64,68,69,70,70,74,76,79,80,83,85,88,89,91,94,101,101,104,105,110,113,116,120,123,125,129,131,141,150,154,159,166,171,173,181,187,195,196,198,204,210,213,219,224,227,228,233,238,241,245,248,252,255,273,274,279,287,288,291,291,297,307,310,314,319,326,329,334,340,344,349,351,351,361,366,369,372,377,385,390,394,400,411,413,418,433,436,447,455,471,478,493,506,514,531,549,558,573,603,622,645,657,679,698,737,788,825,848,864,947,986,1019,1056,1103,1141,1173,1229,1266,1321,1321,1321,1524,1564,1595,1654,1691,1741,1782,1808,1883,1919,1953,2001,2051,2087,2116,2165,2198,2236,2292,2392,2437,2496,2574,2652,2706,2755,2790,2900,2952,2984,3046,3107
Crawford,0,0,0,0,0,0,0,0,0,0,0,0,0,0,0,0,0,0,0,0,0,0,0,0,0,0,0,0,0,0,0,0,0,0,0,0,0,0,0,0,0,0,0,0,0,0,0,0,0,0,0,0,0,0,0,0,0,0,0,0,0,0,0,0,0,0,0,0,0,0,1,1,1,1,2,2,2,2,2,3,3,3,3,3,3,3,3,3,3,3,3,3,3,3,3,3,3,3,3,3,3,4,5,6,7,7,16,16,17,17,17,17,17,18,20,22,22,23,23,23,24,25,25,25,26,26,26,26,26,26,26,26,26,26,26,26,26,26,26,26,26,26,26,26,27,27,27,27,27,27,29,31,31,31,32,32,32,32,33,33,33,34,36,39,41,41,41,41,44,44,45,45,45,45,45,46,46,46,47,48,48,48,49,49,50,51,52,52,53,54,55,56,57,62,62,65,69,70,72,74,75,75,76,78,82,84,84,86,90,90,93,93,94,94,95,96,98,98,99,99,102,102,102,104,107,111,113,118,120,120,120,121,121,124,125,126,129,130,131,133,135,139,138,141,141,147,152,156,160,164,168,173,179,184,188,194,197,202,205,210,220,227,237,239,241,254,261,268,284,284,284,303,304,307,315,318,320,323,330,335,347,354,374,381,396,408,419,436,457,473,494,501,513,548,573,597,623,651,676,696,718,733,762
Dane,0,0,0,0,0,0,0,0,0,0,0,0,0,0,0,0,0,0,0,0,0,0,0,0,0,0,0,0,0,0,0,0,0,0,0,0,0,0,0,0,0,0,0,0,0,0,0,0,2,2,4,5,6,6,10,19,23,27,32,49,61,70,72,88,134,158,172,183,192,214,215,238,252,269,280,287,289,303,307,313,327,334,340,344,351,352,359,358,361,364,382,386,387,395,401,405,412,417,424,428,430,433,436,441,443,445,447,455,465,472,474,477,490,494,507,519,537,538,541,563,576,587,594,596,604,630,652,679,705,725,730,735,759,773,789,800,814,843,856,871,884,896,930,933,956,968,980,1000,1017,1034,1063,1098,1139,1172,1235,1324,1446,1530,1647,1727,1873,1953,2061,2175,2303,2386,2457,2510,2587,2652,2771,2884,2995,3049,3148,3242,3301,3365,3436,3494,3549,3586,3633,3669,3732,3781,3831,3870,3904,3970,4007,4086,4112,4198,4230,4263,4340,4376,4436,4492,4536,4554,4578,4630,4666,4749,4783,4849,4874,4874,4924,4955,4998,5053,5088,5117,5161,5209,5294,5330,5387,5426,5429,5520,5564,5639,5799,5961,6118,6208,6427,6489,6971,7254,7389,7622,7846,7896,7984,8242,8455,8635,8815,8895,8947,9040,9203,9345,9488,9607,9763,9857,10129,10201,10217,10339,10452,10514,10671,10734,10841,11035,11240,11421,11585,11693,11855,12072,12296,12296,12296,13052,13362,13639,13840,14085,14368,14662,14843,15106,15492,15720,16094,16418,16593,16791,17372,17563,17893,18413,18884,19144,19418,20116,20572,21201,21670,21965,22337,22839,23546,24105,24519
Dodge,0,0,0,0,0,0,0,0,0,0,0,0,0,0,0,0,0,0,0,0,0,0,0,0,0,0,0,0,0,0,0,0,0,0,0,0,0,0,0,0,0,0,0,0,0,0,0,0,0,0,0,0,0,0,0,0,0,0,0,0,0,2,2,3,3,6,6,8,8,10,13,13,14,14,14,15,15,15,16,18,18,19,19,19,19,19,20,19,19,19,19,20,20,21,23,29,30,32,33,33,36,38,38,39,40,42,46,51,55,67,74,75,79,83,87,93,105,108,109,112,121,137,149,152,161,162,166,172,180,215,221,228,226,383,386,394,395,400,400,406,410,414,415,423,423,424,424,425,426,429,434,434,437,440,444,445,447,450,453,456,459,461,467,476,478,483,484,487,488,492,501,511,515,523,528,537,541,557,557,564,570,577,584,592,599,609,617,622,627,634,642,655,675,702,705,728,743,757,782,808,819,835,845,857,875,894,920,930,942,942,967,982,993,1001,1011,1034,1046,1057,1076,1102,1120,1133,1162,1188,1200,1209,1233,1249,1254,1260,1272,1326,1348,1370,1389,1416,1417,1459,1477,1512,1538,1573,1600,1626,1653,1677,1728,1782,1806,1837,1884,1931,1959,2003,2085,2137,2178,2207,2226,2268,2369,2428,2479,2550,2621,2680,2733,2806,2891,2891,2891,3166,3270,3402,3500,3603,3811,3956,4091,4204,4319,4509,4619,4869,4939,5053,5199,5354,5560,5703,5857,6000,6104,6209,6309,6474,6702,6843,7001,7119,7252,7457,7737
Door,0,0,0,0,0,0,0,0,0,0,0,0,0,0,0,0,0,0,0,0,0,0,0,0,0,0,0,0,0,0,0,0,0,0,0,0,0,0,0,0,0,0,0,0,0,0,0,0,0,0,0,0,0,0,0,0,0,0,0,0,0,0,0,0,0,0,0,0,0,1,1,2,2,2,4,4,7,7,8,8,9,9,9,9,9,9,9,9,9,9,9,9,9,9,10,10,10,12,12,12,12,14,15,15,18,18,18,18,20,21,22,22,23,23,29,33,33,33,33,34,34,35,37,37,37,38,38,38,38,38,38,38,38,38,40,39,39,39,39,39,39,39,41,39,39,39,39,39,39,40,40,40,40,40,40,40,43,43,43,43,44,43,44,45,44,45,45,49,50,52,53,53,54,54,58,65,66,70,73,73,74,74,75,78,80,82,82,82,81,82,84,84,85,85,85,91,98,101,102,103,106,106,107,107,109,109,115,114,118,118,121,121,123,123,124,126,127,128,128,128,128,128,128,134,134,138,143,144,147,151,152,157,165,173,176,182,187,192,204,209,220,234,236,238,245,264,293,300,314,329,340,354,370,384,397,413,428,437,442,449,462,491,496,515,519,540,562,563,584,584,584,661,695,713,741,775,776,804,810,837,881,932,962,994,1022,1029,1060,1113,1146,1190,1234,1270,1299,1323,1359,1382,1428,1450,1483,1494,1512,1539,1566
Douglas,0,0,0,0,0,0,0,0,0,0,0,0,0,0,0,0,0,0,0,0,0,0,0,0,0,0,0,0,0,0,0,0,0,0,0,0,0,0,0,0,0,0,0,0,0,0,0,0,0,0,0,0,0,0,0,0,0,0,1,1,1,2,4,4,4,5,6,6,6,6,7,7,7,7,7,7,7,7,7,7,7,7,7,7,7,7,7,8,8,8,8,8,9,9,9,9,9,9,9,9,9,9,9,9,9,10,10,10,11,11,11,11,11,12,12,12,12,13,15,15,15,16,17,17,18,19,19,19,19,19,19,19,19,19,19,19,20,20,20,20,20,20,20,20,20,20,20,20,20,20,20,20,20,20,20,20,22,22,24,24,25,30,31,39,39,41,41,46,47,48,50,56,60,61,63,64,66,66,74,75,75,75,77,82,87,89,92,92,96,102,110,113,122,133,135,139,145,149,159,172,173,186,191,198,207,212,218,223,225,225,231,233,235,238,239,241,242,243,244,244,249,249,252,257,258,264,270,280,285,288,292,297,298,306,319,328,334,336,342,351,359,376,378,390,393,397,405,417,441,455,489,493,503,522,531,540,546,551,559,566,587,604,617,623,624,639,648,655,673,673,673,702,708,714,722,733,745,761,773,779,786,803,825,846,848,870,893,939,953,1004,1041,1052,1056,1106,1152,1185,1267,1304,1329,1368,1419,1441,1505
Dunn,0,0,0,0,0,0,0,0,0,0,0,0,0,0,0,0,0,0,0,0,0,0,0,0,0,0,0,0,0,0,0,0,0,0,0,0,0,0,0,0,0,0,0,0,0,0,0,0,0,0,0,0,0,0,0,0,0,1,1,1,1,1,1,1,1,2,2,3,3,3,3,3,5,5,5,5,5,5,7,8,9,9,9,9,9,9,9,9,9,9,9,9,9,9,9,9,9,9,9,9,9,10,12,12,13,13,14,14,14,14,14,14,19,20,20,21,21,20,20,20,20,21,21,22,23,23,24,24,24,24,24,24,24,25,26,26,27,27,29,29,29,29,29,29,29,29,29,29,29,29,29,29,29,29,29,33,34,36,38,37,37,38,41,41,42,43,46,47,48,50,54,54,57,57,57,59,59,60,63,65,68,71,74,79,84,85,88,91,95,98,101,102,105,105,105,107,112,112,119,122,123,126,128,131,134,138,139,139,142,142,147,150,152,153,154,155,155,159,163,169,173,176,175,179,179,183,187,189,195,200,202,208,215,224,237,249,254,259,265,289,319,351,377,385,402,426,449,472,498,527,556,593,612,633,659,673,682,688,700,706,725,745,767,779,787,793,791,797,827,827,827,896,922,938,967,1010,1021,1033,1055,1076,1103,1141,1170,1222,1241,1291,1330,1422,1484,1545,1599,1636,1677,1708,1779,1817,1908,1952,2068,2148,2203,2246,2307
Eau Claire,0,0,0,0,0,0,0,0,0,0,0,0,0,0,0,0,0,0,0,0,0,0,0,0,0,0,0,0,0,0,0,0,0,0,0,0,0,0,0,0,0,0,0,0,0,0,0,0,0,0,0,0,0,0,0,0,0,1,3,3,4,4,4,5,6,7,7,10,10,11,12,14,16,16,21,21,21,21,21,21,21,21,21,21,21,22,22,22,22,22,22,23,23,23,24,25,25,27,27,28,28,34,36,41,42,45,47,50,54,54,57,60,61,63,65,65,66,70,75,78,82,89,93,96,98,100,99,99,107,108,108,113,114,114,116,119,121,123,124,124,126,126,130,132,137,137,138,140,149,151,156,161,163,167,170,176,180,194,208,218,229,240,249,263,279,284,290,300,307,314,323,332,338,340,346,351,365,371,388,397,402,407,409,421,423,433,433,436,441,448,462,474,485,503,507,517,531,541,563,574,588,590,596,612,629,645,654,658,668,668,679,687,699,706,722,728,737,748,768,780,790,801,801,825,838,860,882,905,941,977,1000,1037,1060,1098,1171,1232,1259,1286,1336,1398,1476,1527,1586,1617,1650,1703,1734,1776,1840,1887,1940,1969,2000,2016,2058,2100,2123,2152,2184,2211,2264,2308,2341,2393,2400,2454,2471,2508,2558,2558,2558,2698,2761,2808,2877,2970,3091,3176,3355,3476,3568,3694,3776,3882,4001,4137,4267,4363,4607,4772,4948,5087,5180,5280,5350,5557,5622,5721,5954,6235,6336,6685,6869
Florence,0,0,0,0,0,0,0,0,0,0,0,0,0,0,0,0,0,0,0,0,0,0,0,0,0,0,0,0,0,0,0,0,0,0,0,0,0,0,0,0,0,0,0,0,0,0,0,0,0,0,0,0,0,0,0,0,0,0,0,0,0,0,0,0,0,0,0,0,0,0,0,0,0,0,1,2,2,2,2,2,2,2,2,2,2,2,2,2,2,2,2,2,2,2,2,2,2,2,2,2,2,2,2,2,2,2,2,2,2,2,2,2,2,2,2,2,2,2,2,2,2,2,2,2,2,2,2,2,2,2,2,2,2,2,2,2,2,2,2,2,2,2,2,2,2,2,2,2,2,2,2,2,2,2,3,3,3,3,3,3,3,3,3,3,4,4,4,4,4,4,4,4,4,4,5,5,5,6,6,5,5,5,5,5,6,5,5,5,5,5,7,7,7,7,7,7,6,6,7,8,8,8,8,8,10,12,15,16,16,16,17,17,18,18,19,22,22,23,23,23,24,25,25,27,27,28,32,30,29,31,31,31,34,37,41,45,46,49,51,52,53,58,63,69,69,73,78,87,89,91,94,96,98,99,103,110,110,113,115,120,121,122,129,135,137,143,143,149,149,149,149,162,176,190,202,210,218,218,222,223,222,226,227,233,235,239,241,247,250,254,257,263,267,272,280,278,282,285,287,289,290,301,308
Fond du Lac,0,0,0,0,0,0,0,0,0,0,0,0,0,0,0,0,0,0,0,0,0,0,0,0,0,0,0,0,0,0,0,0,0,0,0,0,0,0,0,0,0,0,0,0,0,0,0,0,0,0,2,6,6,7,11,12,13,14,14,15,16,16,18,18,17,18,20,20,21,22,24,28,30,30,43,43,44,44,49,52,52,54,57,59,59,59,61,62,62,65,65,65,66,67,67,69,69,69,69,69,71,73,73,75,77,83,84,85,86,93,101,108,111,119,119,124,139,142,145,148,148,155,158,165,174,179,185,192,194,203,213,214,215,221,225,226,233,233,239,241,247,251,253,259,262,269,272,274,277,278,286,290,295,296,297,299,306,307,308,309,311,313,314,314,318,320,329,339,347,354,364,374,396,399,403,405,410,418,427,433,441,451,458,463,473,480,493,499,503,513,522,529,545,560,571,573,584,598,612,635,657,671,676,700,712,744,757,763,791,791,815,844,868,905,942,964,969,1010,1022,1053,1081,1093,1120,1157,1170,1201,1225,1241,1277,1282,1292,1304,1340,1380,1405,1447,1467,1490,1521,1582,1655,1706,1713,1785,1799,1840,1892,1953,2013,2045,2121,2171,2222,2296,2364,2415,2455,2505,2533,2600,2694,2747,2798,2888,3007,3097,3135,3247,3375,3375,3375,3644,3798,3860,3955,4079,4253,4254,4256,4600,4715,4846,4970,5151,5271,5532,5633,5737,5892,6005,6229,6308,6418,6658,6803,6939,7208,7251,7275,7369,7593,7719,7929
Forest,0,0,0,0,0,0,0,0,0,0,0,0,0,0,0,0,0,0,0,0,0,0,0,0,0,0,0,0,0,0,0,0,0,0,0,0,0,0,0,0,0,0,0,0,0,0,0,0,0,0,0,0,0,0,0,0,0,0,0,0,0,0,0,0,0,0,0,0,0,0,0,0,0,0,0,0,0,0,0,0,0,0,0,0,0,0,0,0,0,0,0,0,0,0,0,0,0,0,0,0,0,0,0,0,0,1,1,1,1,3,4,4,5,5,5,7,9,9,9,11,11,11,11,11,12,12,24,26,28,28,29,29,28,28,29,34,33,33,33,34,34,34,34,34,34,34,34,34,34,34,35,35,35,35,35,38,38,38,38,38,39,39,39,39,39,39,39,40,41,45,47,48,48,48,48,49,49,49,50,50,50,50,51,53,55,57,57,57,57,57,57,58,59,59,59,59,59,59,59,59,59,59,60,60,60,60,60,61,61,61,62,62,63,64,64,65,66,66,67,70,77,77,78,78,81,83,94,103,105,107,107,116,119,129,147,154,158,167,173,184,195,207,213,214,224,231,251,257,269,272,274,289,294,297,321,330,335,341,347,346,354,358,360,363,371,375,384,388,392,392,392,405,415,428,432,444,458,460,465,474,488,504,513,520,524,529,539,561,576,596,605,612,617,635,649,655,672,679,683,686,701,708,719
Grant,0,0,0,0,0,0,0,0,0,0,0,0,0,0,0,0,0,0,0,0,0,0,0,0,0,0,0,0,0,0,0,0,0,0,0,0,0,0,0,0,0,0,0,0,0,0,0,0,0,0,0,0,0,0,0,0,0,0,0,0,0,0,0,1,1,1,1,1,1,2,2,2,2,2,2,3,3,3,4,4,5,6,6,8,8,10,13,15,18,23,23,25,26,27,28,30,31,32,35,37,41,43,48,48,55,60,66,66,67,68,68,69,70,71,72,72,72,74,75,78,78,81,81,82,87,87,89,93,94,95,95,96,96,98,98,98,98,98,98,99,99,101,103,106,107,107,107,113,113,114,124,125,129,130,134,136,141,145,150,152,154,161,162,165,172,175,177,178,180,185,188,198,204,210,218,223,231,236,243,248,250,252,256,261,266,282,286,291,299,303,313,318,320,328,329,331,332,341,346,352,356,357,362,368,375,387,391,396,398,398,409,410,414,419,420,421,423,426,425,426,432,435,434,434,435,436,443,461,474,480,495,499,528,546,561,599,603,624,637,673,703,782,821,831,846,873,894,926,953,1003,1016,1030,1059,1111,1137,1163,1201,1220,1240,1268,1300,1323,1386,1400,1419,1450,1479,1538,1550,1550,1550,1663,1687,1707,1757,1802,1834,1852,1874,1910,1953,1983,2055,2101,2129,2160,2248,2282,2351,2420,2475,2515,2558,2604,2735,2804,2880,2958,3030,3052,3116,3199,3274
Green,0,0,0,0,0,0,0,0,0,0,0,0,0,0,0,0,0,0,0,0,0,0,0,0,0,0,0,0,0,0,0,0,0,0,0,0,0,0,0,0,0,0,0,0,0,0,0,0,0,0,0,0,0,0,0,0,0,0,1,1,1,1,1,1,1,3,4,4,5,6,7,7,8,8,9,9,9,9,9,9,9,9,9,9,9,9,9,9,9,9,9,9,10,10,11,11,11,11,11,12,13,13,15,16,20,20,21,23,33,33,33,34,36,39,39,41,44,45,46,49,49,49,52,53,54,55,58,60,65,66,66,66,68,70,70,70,71,71,71,71,71,72,75,75,75,75,77,78,78,78,79,80,80,80,81,83,84,85,88,88,89,89,90,93,94,96,100,100,101,103,105,106,110,110,110,110,113,114,114,116,117,118,118,119,119,119,120,120,121,121,121,123,125,130,131,131,135,137,149,158,162,167,169,179,186,194,210,214,220,220,225,229,235,247,249,250,255,256,261,262,265,268,270,270,269,272,278,282,290,304,310,316,322,332,340,357,358,362,371,384,395,429,436,443,449,458,466,475,485,515,526,536,556,563,571,582,598,613,619,632,647,656,666,684,704,718,742,760,776,776,776,836,848,867,877,905,924,936,943,951,977,1002,1019,1050,1078,1083,1088,1115,1147,1162,1202,1234,1245,1268,1286,1324,1353,1357,1414,1431,1445,1467,1502
Green Lake,0,0,0,0,0,0,0,0,0,0,0,0,0,0,0,0,0,0,0,0,0,0,0,0,0,0,0,0,0,0,0,0,0,0,0,0,0,0,0,0,0,0,0,0,0,0,0,0,0,0,0,0,0,0,0,0,0,0,0,0,0,0,0,0,0,0,0,0,0,0,0,0,0,0,0,0,0,0,0,0,0,0,1,1,1,1,1,1,1,1,1,1,1,1,1,1,2,2,2,2,3,3,3,5,5,5,5,6,7,8,8,8,10,10,10,10,11,11,11,11,12,13,14,14,15,15,16,16,18,19,20,20,20,22,22,22,22,22,23,23,23,23,24,24,24,24,24,24,24,24,24,24,24,25,26,26,29,30,32,32,32,33,34,35,37,37,40,40,41,41,41,42,43,43,43,43,44,44,46,47,47,48,49,49,49,49,49,49,49,50,50,52,52,52,52,53,54,54,55,55,56,56,57,57,60,61,62,62,63,63,65,67,68,74,76,83,87,87,88,88,90,91,92,94,94,95,101,104,108,111,112,114,115,122,128,133,140,146,150,154,169,186,195,199,212,215,231,244,261,277,286,296,304,323,335,348,353,366,376,389,403,419,435,459,479,499,521,536,563,563,563,699,703,722,748,772,790,806,833,855,866,882,903,916,935,948,963,976,991,1001,1029,1045,1058,1086,1119,1144,1188,1203,1219,1240,1252,1270,1285
Iowa,0,0,0,0,0,0,0,0,0,0,0,0,0,0,0,0,0,0,0,0,0,0,0,0,0,0,0,0,0,0,0,0,0,0,0,0,0,0,0,0,0,0,0,0,0,0,0,0,0,0,0,0,0,0,0,0,0,0,0,0,0,0,1,3,3,3,3,3,3,3,3,3,3,3,3,3,4,4,4,4,4,5,5,5,5,5,6,6,6,6,7,7,7,7,7,7,7,7,7,7,7,7,7,7,7,10,10,10,10,10,10,10,10,11,11,11,11,11,11,11,11,11,11,11,12,12,12,14,15,16,16,16,16,17,16,16,16,17,17,16,16,16,16,17,17,17,17,18,18,18,19,21,22,21,23,25,27,29,29,29,31,32,32,33,36,37,37,38,38,38,41,45,45,45,47,47,47,47,50,50,50,51,54,54,56,56,57,57,58,56,62,62,63,63,65,65,68,70,74,79,80,82,83,86,88,93,97,100,100,100,105,106,107,107,109,110,111,113,114,115,118,120,121,121,122,123,123,123,123,123,123,125,129,128,131,133,135,134,138,138,142,144,150,152,155,169,174,177,180,183,186,187,194,198,209,213,213,234,240,243,251,264,276,276,302,309,321,335,352,352,352,398,411,427,433,443,459,459,484,492,506,527,552,588,598,613,648,667,711,717,756,767,789,832,880,920,955,978,994,1005,1059,1102,1146
Iron,0,0,0,0,0,0,0,0,0,0,0,0,0,0,0,0,0,0,0,0,0,0,0,0,0,0,0,0,0,0,0,0,0,0,0,0,0,0,0,0,0,0,0,0,0,0,0,0,0,0,0,0,0,0,0,0,0,0,0,0,0,0,0,0,0,1,1,1,1,1,1,1,1,1,1,1,1,1,1,1,2,2,2,2,2,2,2,2,2,2,2,2,2,2,2,2,2,2,2,2,2,2,2,2,2,2,2,2,2,2,2,2,2,2,2,2,2,2,2,2,2,2,2,2,2,2,2,2,2,2,2,2,2,2,2,2,2,2,2,2,2,2,2,2,2,2,2,2,2,2,2,2,2,2,2,2,3,5,5,6,6,7,7,7,8,8,8,8,8,9,9,10,16,17,17,21,24,24,25,26,28,33,37,40,42,47,60,62,67,68,69,71,71,72,72,72,73,73,74,74,75,75,76,76,76,78,78,80,85,85,92,98,100,106,108,110,111,115,118,119,121,122,122,123,126,128,130,130,131,131,131,131,132,132,132,136,136,136,136,136,136,136,136,136,137,137,138,138,140,142,142,143,142,143,144,147,147,149,149,149,150,149,150,152,153,156,159,158,159,159,159,179,189,190,196,197,202,206,207,216,221,232,253,258,260,261,276,280,291,294,304,308,316,325,332,333,339,346,350,350,362,371,375
Jackson,0,0,0,0,0,0,0,0,0,0,0,0,0,0,0,0,0,0,0,0,0,0,0,0,0,0,0,0,0,0,0,0,0,0,0,0,0,0,0,0,0,0,0,0,0,0,0,0,0,0,0,0,0,0,0,0,0,0,0,0,0,0,0,0,0,0,0,0,2,2,2,2,2,2,3,4,4,4,7,10,10,10,10,10,10,11,11,11,12,12,12,12,12,12,12,12,12,12,12,12,13,12,12,12,12,12,12,12,12,14,14,14,14,15,15,15,15,15,15,15,15,15,15,15,15,14,14,15,16,17,17,17,17,19,19,17,18,19,20,19,20,22,21,21,21,21,21,22,24,24,24,24,24,24,24,26,26,26,26,26,27,27,27,27,27,27,27,31,31,32,34,34,35,36,36,37,36,36,36,36,37,36,37,38,38,37,39,40,43,43,45,46,47,48,49,49,50,52,55,58,58,58,58,59,60,61,60,62,62,62,65,65,66,70,71,71,71,72,74,75,76,76,76,76,76,77,77,77,77,78,78,77,86,87,89,90,92,94,94,96,99,107,107,107,107,115,125,133,145,150,150,152,156,164,168,172,176,177,181,189,194,202,204,210,210,218,225,247,256,256,256,285,304,314,331,347,369,446,471,479,501,552,572,598,609,612,674,729,757,781,857,901,922,944,985,1040,1129,1190,1243,1278,1309,1379,1397
Jefferson,0,0,0,0,0,0,0,0,0,0,0,0,0,0,0,0,0,0,0,0,0,0,0,0,0,0,0,0,0,0,0,0,0,0,0,0,0,0,0,0,0,0,0,0,0,0,0,0,0,0,0,0,0,0,0,0,0,0,1,1,2,2,4,5,5,6,8,8,10,11,12,12,13,13,14,14,15,15,19,21,22,23,24,24,24,24,27,27,32,32,32,35,37,38,39,39,39,42,45,45,46,46,46,46,46,47,50,50,50,50,51,52,54,56,58,58,60,61,62,62,67,75,78,80,84,90,92,96,101,104,106,107,110,114,116,122,124,128,130,134,138,142,152,155,158,160,161,161,164,168,172,177,181,185,194,201,211,222,228,234,236,242,257,260,274,285,291,292,303,315,338,352,360,361,369,384,393,405,415,418,427,441,449,461,482,504,511,516,525,535,542,544,550,556,564,573,581,596,612,624,631,637,647,657,677,690,701,718,732,732,748,765,801,812,819,824,829,844,848,870,889,900,902,923,932,946,963,979,990,996,1001,1007,1026,1032,1047,1067,1072,1097,1113,1133,1166,1192,1214,1229,1243,1278,1298,1331,1394,1418,1430,1486,1515,1543,1579,1613,1651,1668,1698,1714,1752,1803,1854,1879,1904,1978,2050,2112,2131,2131,2131,2283,2388,2438,2464,2532,2630,2639,2706,2785,2857,2929,2999,3079,3144,3197,3283,3381,3476,3517,3611,3684,3780,3875,3991,4143,4236,4324,4457,4495,4615,4794,4891
Juneau,0,0,0,0,0,0,0,0,0,0,0,0,0,0,0,0,0,0,0,0,0,0,0,0,0,0,0,0,0,0,0,0,0,0,0,0,0,0,0,0,0,0,0,0,0,0,0,0,0,0,0,0,0,0,0,0,0,0,0,0,0,0,0,0,1,2,2,3,3,3,4,4,4,4,5,5,5,5,5,5,5,6,7,7,7,7,7,10,10,10,10,11,11,11,12,12,13,13,14,17,17,18,18,18,18,19,20,21,21,21,21,21,21,21,21,21,21,22,22,22,22,22,22,22,22,22,22,22,23,23,23,23,22,22,22,22,23,23,23,23,23,24,24,24,25,25,25,25,27,27,27,28,29,29,31,31,31,32,32,35,36,39,40,42,43,43,43,43,44,47,50,50,51,52,54,59,66,69,73,74,76,77,80,84,86,98,107,109,112,114,117,119,122,129,129,129,133,135,135,137,137,138,138,139,145,149,151,152,152,152,155,162,163,169,171,173,177,182,188,189,193,197,199,238,240,245,248,248,249,250,253,255,259,261,267,271,273,278,285,293,302,315,326,328,331,337,354,364,367,379,382,388,411,428,439,450,455,459,467,473,482,500,516,531,540,544,555,566,581,581,581,625,679,697,711,723,737,748,763,778,788,815,831,844,859,893,911,924,949,1056,1237,1262,1289,1364,1393,1412,1466,1547,1565,1617,1638,1662,1705
Kenosha,0,0,0,0,0,0,0,0,0,0,0,0,0,0,0,0,0,0,0,0,0,0,0,0,0,0,0,0,0,0,0,0,0,0,0,0,0,0,0,0,0,0,0,0,0,0,0,0,0,0,0,0,0,0,1,4,4,4,4,5,10,12,13,14,19,23,24,29,30,37,54,67,81,81,98,104,112,127,135,147,163,173,182,186,204,208,218,236,248,257,264,278,294,314,329,339,340,348,363,391,477,521,534,546,571,580,610,627,651,682,693,716,736,762,780,820,838,848,866,889,921,948,983,998,1001,1008,1033,1088,1131,1165,1168,1178,1201,1217,1246,1259,1267,1274,1286,1295,1308,1319,1336,1343,1356,1357,1374,1382,1392,1400,1406,1416,1421,1424,1436,1440,1450,1468,1478,1490,1503,1522,1531,1547,1574,1586,1592,1610,1628,1666,1697,1717,1734,1765,1796,1831,1862,1893,1933,1986,2027,2082,2102,2144,2203,2229,2245,2292,2305,2341,2374,2426,2453,2474,2499,2517,2561,2597,2609,2659,2667,2681,2692,2699,2718,2734,2771,2780,2792,2792,2813,2843,2852,2871,2873,2874,2894,2912,2920,2929,2939,2961,2967,2979,2991,3013,3024,3039,3052,3056,3065,3074,3091,3103,3122,3136,3150,3166,3183,3206,3216,3257,3281,3299,3308,3334,3387,3428,3476,3511,3522,3549,3589,3611,3661,3688,3708,3751,3780,3818,3875,3916,3944,3967,4000,4057,4140,4194,4266,4266,4266,4908,4964,5048,5102,5165,5223,5355,5458,5478,5646,5782,5873,5944,6136,6167,6381,6496,6709,6831,6909,7071,7174,7385,7616,7871,7923,8042,8151,8262,8477,8775,8887
Kewaunee,0,0,0,0,0,0,0,0,0,0,0,0,0,0,0,0,0,0,0,0,0,0,0,0,0,0,0,0,0,0,0,0,0,0,0,0,0,0,0,0,0,0,0,0,0,0,0,0,0,0,0,0,0,0,0,0,0,0,0,0,0,0,0,0,0,0,0,0,0,0,0,0,0,0,0,1,1,1,1,1,1,3,4,4,5,6,8,8,8,8,8,8,10,9,10,10,10,11,14,14,13,15,18,22,22,25,25,26,28,29,29,29,29,29,30,30,30,30,31,31,32,32,33,33,33,33,33,34,34,34,35,35,35,36,36,36,36,36,36,37,37,37,37,37,37,37,39,39,40,42,43,44,44,46,46,49,52,54,55,55,56,59,60,61,62,63,64,64,67,69,69,75,77,77,83,86,86,86,88,91,92,91,93,96,98,99,100,100,105,106,109,109,110,110,110,111,115,122,127,130,131,131,135,135,137,141,142,143,143,143,149,149,153,156,156,156,155,154,163,165,169,171,181,188,191,196,202,205,207,210,215,224,232,241,246,253,267,277,295,318,350,366,381,383,414,428,459,486,516,536,540,585,602,627,652,686,703,707,736,742,762,782,790,821,821,838,841,851,877,877,877,949,963,994,1007,1028,1040,1059,1059,1094,1099,1131,1148,1191,1207,1207,1251,1273,1286,1300,1320,1332,1332,1370,1382,1402,1427,1444,1474,1474,1496,1527,1551
La Crosse,0,0,0,0,0,0,0,0,0,0,0,0,0,0,0,0,0,0,0,0,0,0,0,0,0,0,0,0,0,0,0,0,0,0,0,0,0,0,0,0,0,0,0,0,0,0,0,0,0,0,0,0,0,0,0,0,2,4,4,5,5,5,5,10,12,14,15,15,16,19,19,19,19,19,21,22,22,22,23,25,25,25,25,25,25,25,25,25,25,25,26,25,25,25,26,26,26,27,27,28,28,29,29,31,32,32,32,32,32,33,32,34,34,37,42,44,45,45,47,47,47,48,48,47,48,51,51,51,53,53,53,53,55,58,64,68,68,69,70,77,81,94,100,110,116,123,132,152,179,203,229,250,274,294,316,343,371,396,403,404,432,455,492,497,510,515,519,524,540,556,565,582,586,591,611,618,628,646,660,667,674,685,685,697,715,725,735,754,759,762,775,788,795,821,825,836,854,881,889,896,908,914,921,932,945,951,959,967,973,973,987,1008,1016,1030,1038,1047,1060,1077,1109,1133,1156,1177,1182,1202,1208,1239,1286,1312,1326,1337,1351,1370,1445,1523,1625,1754,1799,1889,2011,2121,2375,2475,2568,2622,2698,2785,2838,2946,2990,3047,3055,3095,3130,3205,3245,3284,3299,3336,3373,3399,3441,3486,3516,3535,3566,3587,3605,3657,3718,3718,3718,3972,4022,4064,4118,4143,4185,4241,4262,4347,4417,4527,4637,4714,4772,4800,4905,5080,5204,5343,5560,5639,5704,5802,6025,6214,6399,6454,6514,6669,6892,7101,7177
Lafayette,0,0,0,0,0,0,0,0,0,0,0,0,0,0,0,0,0,0,0,0,0,0,0,0,0,0,0,0,0,0,0,0,0,0,0,0,0,0,0,0,0,0,0,0,0,0,0,0,0,0,0,0,0,0,0,0,0,0,0,0,0,0,0,0,0,0,0,0,0,0,0,0,0,0,0,0,1,1,2,2,3,3,3,3,3,3,3,3,3,3,3,4,4,4,4,4,4,4,4,4,6,6,6,6,6,8,9,9,13,13,13,13,14,15,16,16,16,16,16,17,16,17,18,20,22,25,25,26,27,27,27,27,27,27,28,29,30,33,33,35,36,36,38,41,41,43,43,43,48,49,53,54,56,60,61,62,66,68,70,70,74,74,74,74,76,76,76,76,76,76,76,78,81,81,83,84,84,85,86,86,86,87,87,94,94,98,99,99,101,101,102,103,105,108,110,112,114,116,122,130,139,143,147,154,159,166,169,171,172,172,177,178,180,180,181,182,184,184,185,185,185,185,185,185,185,185,186,186,187,188,188,188,188,189,192,196,197,198,199,200,204,211,217,219,225,239,248,260,266,283,289,299,309,331,340,349,356,357,360,363,374,387,395,400,403,412,429,436,445,445,445,466,474,479,486,501,511,520,524,540,559,571,585,600,611,614,625,632,646,670,696,722,738,756,793,834,846,882,926,937,953,971,988
Langlade,0,0,0,0,0,0,0,0,0,0,0,0,0,0,0,0,0,0,0,0,0,0,0,0,0,0,0,0,0,0,0,0,0,0,0,0,0,0,0,0,0,0,0,0,0,0,0,0,0,0,0,0,0,0,0,0,0,0,0,0,0,0,0,0,0,0,0,0,0,0,0,0,0,0,0,0,0,0,0,0,0,0,0,0,0,0,0,0,0,0,0,0,0,0,0,0,0,0,0,0,0,0,0,0,0,0,0,0,0,0,0,0,0,0,0,0,0,0,0,0,1,1,1,1,1,3,2,2,2,2,3,3,3,3,4,4,4,4,8,5,5,6,5,5,5,6,6,6,7,7,7,7,7,7,7,8,7,7,7,8,8,10,10,11,11,11,11,11,11,10,10,10,11,11,11,11,11,11,11,11,11,13,13,14,20,26,30,31,35,38,42,43,46,48,49,51,51,57,59,63,65,65,63,64,67,70,73,74,74,74,74,75,76,76,76,76,77,77,79,80,84,83,83,84,84,84,84,84,87,88,89,90,91,93,94,100,101,112,115,118,120,122,131,132,136,142,153,158,169,186,198,198,221,236,251,268,297,305,327,346,359,401,420,462,483,524,566,588,624,624,624,695,722,775,801,827,889,917,933,984,1018,1059,1074,1106,1122,1145,1156,1175,1189,1207,1238,1257,1272,1301,1328,1363,1384,1395,1427,1441,1454,1474,1488
Lincoln,0,0,0,0,0,0,0,0,0,0,0,0,0,0,0,0,0,0,0,0,0,0,0,0,0,0,0,0,0,0,0,0,0,0,0,0,0,0,0,0,0,0,0,0,0,0,0,0,0,0,0,0,0,0,0,0,0,0,0,0,0,0,0,0,0,0,0,0,0,0,0,0,0,0,0,0,0,0,0,0,0,0,0,0,0,0,0,0,0,0,0,0,0,0,0,0,0,0,0,0,1,1,1,1,1,1,1,1,1,1,1,1,1,2,2,3,3,3,3,3,3,3,3,4,4,5,5,7,7,7,7,7,7,7,7,7,7,7,7,7,7,7,7,7,8,8,7,8,8,8,8,8,8,8,8,8,9,9,9,9,10,10,11,12,14,15,15,17,18,21,20,21,22,23,22,24,25,31,33,35,37,40,46,49,50,52,52,55,56,56,60,60,61,63,64,65,66,65,67,68,68,68,69,70,71,73,73,73,73,73,73,73,74,75,76,76,76,76,78,81,82,82,83,84,85,85,87,88,89,90,92,96,97,99,104,111,111,115,120,125,127,132,136,143,159,169,176,186,206,211,229,234,244,261,275,294,312,339,348,371,375,386,402,422,439,449,462,484,506,506,506,620,627,649,680,717,750,779,793,820,839,872,910,975,1009,1039,1076,1126,1164,1199,1246,1295,1329,1380,1413,1443,1512,1555,1592,1621,1643,1694,1740
Manitowoc,0,0,0,0,0,0,0,0,0,0,0,0,0,0,0,0,0,0,0,0,0,0,0,0,0,0,0,0,0,0,0,0,0,0,0,0,0,0,0,0,0,0,0,0,0,0,0,0,0,0,0,0,0,0,0,0,0,0,0,0,0,0,0,0,0,0,0,0,0,0,0,0,0,1,3,3,3,3,4,3,3,3,3,4,4,5,5,6,6,7,7,7,7,9,9,10,11,11,11,11,11,13,13,14,16,17,17,17,19,19,19,20,20,20,21,21,22,22,25,26,28,28,28,29,29,31,32,36,36,36,36,36,36,38,38,39,39,39,40,40,40,40,42,42,45,47,48,50,56,58,63,68,70,76,81,81,83,87,91,92,94,99,100,104,108,114,116,122,128,132,139,147,152,155,162,167,177,180,189,199,202,207,212,219,224,228,247,255,257,272,281,287,295,301,306,311,318,321,325,332,337,345,351,354,361,373,391,399,406,406,424,429,436,446,452,457,468,478,488,505,513,517,518,535,541,551,570,590,606,616,627,632,644,664,676,704,711,734,742,769,806,842,861,882,905,918,957,992,1043,1070,1105,1170,1187,1236,1279,1346,1412,1434,1453,1505,1556,1618,1678,1762,1788,1861,1890,1940,2004,2004,2004,2400,2515,2617,2658,2711,2852,2948,3016,3098,3132,3214,3301,3347,3421,3474,3591,3643,3696,3799,3942,3994,4043,4119,4226,4341,4417,4467,4567,4624,4704,4800,4896
Marathon,0,0,0,0,0,0,0,0,0,0,0,0,0,0,0,0,0,0,0,0,0,0,0,0,0,0,0,0,0,0,0,0,0,0,0,0,0,0,0,0,0,0,0,0,0,0,0,0,0,0,0,0,0,0,0,0,0,0,1,1,1,1,1,1,1,1,1,1,2,3,5,8,9,9,12,12,12,12,12,12,13,13,14,14,14,14,16,17,17,17,17,17,17,17,18,18,17,17,17,18,18,19,19,19,21,21,21,22,24,24,25,25,28,29,31,32,33,33,34,35,35,36,38,41,42,42,43,43,46,51,50,50,52,55,55,57,63,64,64,66,69,70,80,79,82,82,83,88,95,101,107,111,115,121,130,137,140,148,150,158,168,174,186,189,201,210,225,226,233,240,257,268,278,293,304,312,326,343,363,375,383,388,410,432,442,466,494,499,512,518,532,547,561,578,580,589,605,612,623,629,646,655,662,668,671,680,691,697,703,703,717,718,720,722,731,733,738,748,753,764,771,773,778,784,788,791,804,810,820,827,835,833,842,854,859,889,892,905,925,952,976,1008,1054,1081,1112,1151,1193,1234,1312,1380,1434,1458,1547,1633,1721,1810,1861,1924,2023,2096,2183,2332,2435,2550,2646,2709,2899,3016,3165,3165,3165,3604,3763,3959,4125,4301,4487,4635,4828,4961,5086,5257,5508,5726,5851,5992,6127,6383,6573,6741,6988,7159,7347,7593,7840,8069,8296,8371,8650,8823,8924,9140,9288
Marinette,0,0,0,0,0,0,0,0,0,0,0,0,0,0,0,0,0,0,0,0,0,0,0,0,0,0,0,0,0,0,0,0,0,0,0,0,0,0,0,0,0,0,0,0,0,0,0,0,0,0,0,0,0,0,0,0,0,0,0,0,0,0,0,0,0,1,1,1,1,1,2,2,2,2,2,3,3,3,3,3,3,3,3,4,4,4,4,5,5,5,6,6,8,8,7,7,7,7,7,8,10,10,11,11,11,13,13,15,16,16,21,21,21,21,21,23,24,25,25,28,28,30,31,31,32,32,32,33,33,33,33,33,32,32,33,33,33,36,36,37,37,37,37,39,39,40,40,40,40,42,42,42,42,45,45,48,49,50,53,53,56,60,60,64,65,65,68,71,73,75,82,89,95,100,121,126,133,139,149,159,177,189,196,202,208,226,231,232,255,257,272,280,298,315,331,342,350,356,376,387,395,411,432,432,449,479,485,495,501,501,523,530,542,558,563,565,570,574,582,594,602,610,610,614,618,620,627,631,633,641,643,647,647,655,660,669,670,673,680,695,707,724,732,750,768,783,816,854,884,922,944,976,1004,1024,1074,1100,1118,1135,1146,1167,1191,1203,1247,1273,1286,1305,1330,1349,1379,1379,1379,1508,1567,1599,1635,1689,1711,1741,1766,1823,1857,1903,1938,2004,2050,2071,2114,2163,2204,2266,2351,2369,2378,2410,2461,2539,2596,2645,2690,2723,2747,2796,2841
Marquette,0,0,0,0,0,0,0,0,0,0,0,0,0,0,0,0,0,0,0,0,0,0,0,0,0,0,0,0,0,0,0,0,0,0,0,0,0,0,0,0,0,0,0,0,0,0,0,0,0,0,0,0,0,0,0,0,0,0,0,0,0,0,0,0,0,0,0,0,2,2,2,2,2,2,2,2,2,2,2,2,2,2,2,2,3,3,3,3,3,3,3,3,3,3,3,3,3,3,3,3,3,3,3,3,3,3,3,3,3,3,3,3,3,3,3,3,3,3,3,3,3,3,3,3,3,3,3,3,3,4,4,4,4,6,5,5,5,5,5,6,7,9,9,9,9,9,9,9,9,9,9,9,10,10,10,10,12,12,13,13,13,16,17,17,23,24,24,31,35,44,44,49,49,53,53,55,55,56,56,57,58,58,60,61,64,66,67,67,66,67,67,69,69,71,71,71,75,76,76,79,80,80,80,80,80,81,81,81,81,81,81,81,81,82,82,82,83,85,86,89,89,89,91,90,91,93,100,101,107,110,110,118,121,128,136,146,146,147,152,164,169,176,190,195,202,207,223,238,251,264,271,281,304,309,321,330,342,345,348,360,366,383,389,406,417,436,455,470,479,479,479,533,545,561,585,608,626,633,640,649,672,702,729,759,789,796,816,848,859,870,909,928,940,953,962,976,993,1000,1032,1039,1044,1071,1077
Menominee,0,0,0,0,0,0,0,0,0,0,0,0,0,0,0,0,0,0,0,0,0,0,0,0,0,0,0,0,0,0,0,0,0,0,0,0,0,0,0,0,0,0,0,0,0,0,0,0,0,0,0,0,0,0,0,0,0,0,0,0,0,0,0,0,0,0,0,0,0,0,0,1,1,1,1,1,1,1,1,1,1,1,1,1,1,1,1,1,1,1,1,1,1,1,1,1,1,1,1,1,1,1,1,1,1,1,2,2,2,2,2,2,2,2,2,2,2,2,2,2,2,2,2,3,3,3,3,3,3,3,3,3,3,3,3,3,3,3,3,3,3,4,3,3,4,4,4,4,4,4,4,4,4,4,4,4,5,6,6,6,7,7,7,7,7,7,7,7,9,9,9,9,9,9,10,10,9,10,10,10,10,10,10,14,16,17,17,17,18,18,18,18,18,19,20,21,20,20,20,22,22,22,25,26,26,26,26,26,26,26,26,28,28,28,28,28,28,28,28,28,28,29,29,29,29,29,29,29,29,29,30,30,30,31,32,33,33,34,34,40,42,43,47,49,55,58,59,63,66,71,74,81,88,99,102,107,119,123,131,130,139,144,158,167,170,174,183,194,206,206,206,219,239,252,257,273,283,283,288,298,304,315,332,340,344,344,355,359,377,388,403,407,410,428,435,438,454,486,498,498,508,526,530
Milwaukee,0,0,0,0,0,0,0,0,0,0,0,0,0,0,0,0,0,0,0,0,0,0,0,0,0,0,0,0,0,0,0,0,0,0,0,0,0,0,0,0,0,0,0,0,0,0,0,0,0,0,0,2,6,6,13,24,47,62,95,126,182,204,243,325,347,411,541,606,617,710,780,869,1023,1023,1190,1256,1323,1416,1484,1575,1653,1710,1743,1795,1870,1947,2013,2065,2150,2191,2234,2304,2382,2431,2525,2629,2674,2722,2815,2940,3044,3147,3244,3296,3353,3469,3573,3722,3854,3952,4022,4069,4215,4387,4535,4759,4945,5005,5076,5373,5556,5735,5987,6185,6352,6517,6748,6952,7429,7656,7750,7799,8004,8108,8388,8547,8688,8813,8900,8973,9096,9220,9310,9418,9511,9588,9658,9750,9945,10049,10167,10267,10355,10406,10544,10674,10812,10980,11110,11216,11358,11510,11649,11823,12083,12233,12396,12539,12728,13004,13312,13661,13928,14098,14399,14679,15057,15363,15632,15985,16275,16570,16777,17197,17537,17861,18140,18302,18528,18769,19069,19248,19519,19727,19855,20003,20175,20389,20637,20920,21062,21178,21331,21396,21666,21879,22054,22212,22334,22334,22556,22778,22960,23144,23209,23281,23396,23514,23676,23841,23977,24040,24079,24189,24263,24380,24601,24706,24799,24853,24944,25014,25159,25283,25440,25554,25627,25721,25884,26128,26402,26652,26860,26973,27211,27356,27672,27937,28260,28535,28692,28934,29149,29478,29790,30092,30318,30382,30639,30925,31276,31647,31943,32281,32514,33048,33532,34017,34400,34400,34400,37386,38207,38890,39288,40124,40679,41540,41747,42762,43252,43938,44609,45652,46281,46835,47812,48839,49798,50701,51739,52480,53258,54391,55471,56610,57779,58485,59549,60168,61106,62175,63141
Monroe,0,0,0,0,0,0,0,0,0,0,0,0,0,0,0,0,0,0,0,0,0,0,0,0,0,0,0,0,0,0,0,0,0,0,0,0,0,0,0,0,0,0,0,0,0,0,0,0,0,0,0,0,0,0,0,0,0,0,0,0,0,0,0,1,1,1,1,1,1,2,2,3,3,3,6,7,5,5,6,8,8,8,8,8,10,12,13,13,13,13,13,13,14,14,14,14,14,14,14,14,14,14,14,14,14,14,14,14,14,14,15,15,15,15,15,15,15,15,15,15,16,16,16,16,16,16,16,16,16,16,17,17,18,18,18,18,18,19,19,19,23,26,29,30,32,33,36,38,39,40,45,46,50,49,51,57,59,61,61,63,66,65,66,73,79,81,88,90,103,110,120,130,134,137,139,145,148,156,159,161,165,163,163,162,168,174,177,181,184,192,200,205,212,222,226,229,234,241,242,242,243,244,245,248,249,249,252,254,254,254,254,254,261,265,266,266,267,271,274,276,280,281,282,286,290,292,298,302,303,303,303,303,309,314,315,318,319,330,336,350,361,378,392,399,408,423,444,475,494,527,540,549,567,595,612,635,656,667,679,705,712,733,758,764,785,800,813,853,878,878,878,967,978,1007,1025,1046,1070,1088,1104,1131,1152,1186,1221,1260,1289,1335,1371,1397,1444,1501,1548,1579,1630,1656,1701,1778,1825,1862,1947,1986,2019,2065,2146
Oconto,0,0,0,0,0,0,0,0,0,0,0,0,0,0,0,0,0,0,0,0,0,0,0,0,0,0,0,0,0,0,0,0,0,0,0,0,0,0,0,0,0,0,0,0,0,0,0,0,0,0,0,0,0,0,0,0,0,0,0,0,0,0,0,0,0,0,0,0,0,1,1,1,1,1,1,1,1,1,3,3,3,3,3,4,4,4,4,4,4,5,5,5,5,5,6,7,8,8,8,10,14,15,18,18,20,23,26,27,28,27,28,28,28,28,30,30,30,30,30,31,31,32,34,34,34,34,35,35,35,37,37,37,38,39,39,39,41,42,42,42,42,43,43,44,44,45,45,45,46,46,46,46,49,49,50,51,52,53,56,56,59,61,61,62,63,65,67,69,69,73,75,78,85,88,98,101,104,108,116,120,121,125,129,135,134,137,140,143,149,154,164,164,178,183,183,191,200,207,219,237,248,256,259,253,262,263,272,276,290,290,321,327,341,353,358,372,376,391,405,412,419,424,429,430,436,439,455,471,480,490,501,509,519,534,543,558,559,575,580,608,623,645,662,685,703,729,765,794,855,878,881,916,966,1025,1084,1152,1173,1206,1255,1278,1373,1435,1466,1502,1548,1584,1607,1634,1691,1691,1691,1835,1901,1959,2026,2055,2101,2150,2151,2178,2206,2251,2290,2341,2372,2403,2447,2488,2516,2548,2613,2650,2682,2740,2788,2820,2882,2922,2956,2978,3019,3057,3117
Oneida,0,0,0,0,0,0,0,0,0,0,0,0,0,0,0,0,0,0,0,0,0,0,0,0,0,0,0,0,0,0,0,0,0,0,0,0,0,0,0,0,0,0,0,0,0,0,0,0,0,0,0,0,0,0,0,0,0,0,0,0,0,0,0,0,0,0,1,1,3,3,3,3,3,3,3,3,5,5,5,5,5,6,6,6,6,6,6,6,6,6,6,6,6,6,6,6,6,6,6,6,6,6,6,6,6,6,6,7,7,7,7,7,7,7,7,7,7,7,7,7,7,7,7,7,7,7,8,9,9,9,9,9,9,11,11,12,12,12,13,13,13,14,14,14,16,16,17,17,17,17,17,17,17,17,17,17,18,19,19,19,19,20,20,20,20,20,20,21,22,24,24,28,28,28,32,38,39,40,47,51,52,52,53,59,60,62,69,69,70,74,79,81,87,88,89,93,96,102,112,124,131,141,153,156,160,170,173,176,179,179,186,187,190,191,192,193,198,199,203,205,210,210,212,216,218,219,222,222,229,230,233,241,249,254,263,271,282,286,293,298,312,325,334,341,356,366,398,419,435,443,449,461,490,519,554,571,594,614,633,648,671,694,722,756,761,788,805,839,877,877,877,956,984,1042,1090,1138,1177,1191,1228,1242,1258,1304,1344,1374,1398,1425,1437,1483,1501,1559,1599,1612,1630,1673,1714,1734,1785,1874,1914,1962,2010,2049,2090
Out of WI,0,0,0,0,0,0,0,0,0,0,0,0,0,0,0,0,0,0,0,0,0,0,0,0,0,0,0,0,0,0,0,0,0,0,0,0,0,0,0,0,0,0,0,0,0,0,0,0,0,0,0,0,0,0,0,0,0,0,0,0,0,0,0,0,0,0,0,0,0,0,0,0,0,0,0,0,0,0,0,0,0,0,0,0,0,0,0,0,0,0,0,0,0,0,0,0,0,0,0,0,0,0,0,0,0,0,0,0,0,0,0,0,0,0,0,0,0,0,0,0,0,0,0,0,0,0,0,0,0,0,0,0,0,0,0,0,0,0,0,0,0,0,0,0,0,0,0,0,0,0,0,0,0,0,0,0,0,0,0,0,0,0,0,0,0,0,0,0,0,0,0,0,0,0,0,0,0,0,0,0,0,0,0,0,0,0,0,0,0,0,0,0,0,0,0,0,0,0,0,0,0,0,0,0,0,0,0,0,0,0,0,0,0,0,0,0,0,0,0,0,0,0,0,0,0,0,0,0,0,0,0,0,0,0,0,0,0,0,0,0,0,0,0,0,0,0,0,0,0,0,0,0,0,0,0,0,0,0,0,0,0,0,0,0,0,0,0,0,0,0,0,0,0,0,0,0,0,0,0,0,0,0,0,0,0,0,0,0,0,0,0,0,0,0,0,0,0,0,0,0,0,0,0
Outagamie,0,0,0,0,0,0,0,0,0,0,0,0,0,0,0,0,0,0,0,0,0,0,0,0,0,0,0,0,0,0,0,0,0,0,0,0,0,0,0,0,0,0,0,0,0,0,0,0,0,0,0,0,0,0,1,1,1,1,2,2,2,2,2,4,4,4,4,6,9,12,12,14,19,19,21,22,25,25,26,29,29,29,29,29,31,31,31,33,35,35,35,37,38,43,43,46,47,50,54,54,62,63,68,73,77,83,93,105,111,112,117,117,122,124,128,135,139,142,146,153,161,174,181,184,193,196,198,204,213,223,227,230,232,239,246,253,263,270,277,289,294,306,318,331,337,343,345,354,366,377,387,396,402,412,415,428,436,447,454,463,476,491,500,508,524,540,552,577,581,597,615,633,654,665,695,719,728,750,780,792,814,840,858,883,903,922,965,975,991,1008,1037,1061,1077,1102,1113,1132,1158,1180,1208,1236,1252,1276,1299,1310,1326,1354,1369,1388,1401,1401,1454,1484,1507,1537,1550,1576,1606,1646,1692,1741,1799,1845,1866,1940,1974,2014,2137,2209,2264,2301,2344,2407,2476,2565,2655,2727,2791,2888,2976,3117,3277,3414,3526,3583,3698,3793,3920,4030,4252,4373,4604,4760,4881,5085,5237,5381,5486,5638,5780,5893,6080,6215,6371,6562,6621,6810,6928,7105,7286,7286,7286,8078,8373,8531,8644,8827,9081,9221,9350,9541,9626,9829,9980,10147,10269,10367,10520,10718,10892,11082,11328,11466,11620,11772,11932,12118,12352,12508,12632,12780,12916,13102,13297
Ozaukee,0,0,0,0,0,0,0,0,0,0,0,0,0,0,0,0,0,0,0,0,0,0,0,0,0,0,0,0,0,0,0,0,0,0,0,0,0,0,0,0,0,0,0,0,0,0,0,0,0,0,0,0,0,0,0,0,0,3,7,11,13,14,16,20,22,30,33,34,36,43,46,47,50,50,56,62,66,70,71,71,72,72,72,73,77,77,78,79,79,80,80,80,80,80,82,85,86,86,86,88,88,89,92,94,95,95,99,101,104,105,107,107,110,113,119,120,122,122,125,130,131,133,134,137,138,138,144,156,159,160,162,165,165,170,174,177,180,183,184,184,185,185,188,190,193,193,199,199,199,201,204,207,209,208,210,212,214,217,222,223,229,238,241,242,253,260,263,273,275,281,287,303,315,315,330,340,345,360,364,383,385,409,422,440,449,459,468,468,482,494,514,528,558,568,568,592,605,624,647,676,692,692,716,723,737,757,770,783,784,784,815,824,830,840,853,853,866,870,885,893,897,909,909,926,935,941,974,988,1001,1000,1021,1030,1039,1048,1067,1093,1093,1112,1124,1151,1173,1186,1217,1217,1240,1259,1284,1304,1329,1353,1355,1385,1393,1406,1425,1448,1468,1480,1506,1528,1555,1580,1600,1631,1635,1664,1684,1740,1778,1778,1778,2036,2131,2187,2206,2232,2302,2348,2360,2427,2502,2605,2686,2761,2800,2817,2906,3084,3155,3222,3364,3402,3472,3584,3757,3912,4096,4173,4272,4298,4373,4457,4604
Pepin,0,0,0,0,0,0,0,0,0,0,0,0,0,0,0,0,0,0,0,0,0,0,0,0,0,0,0,0,0,0,0,0,0,0,0,0,0,0,0,0,0,0,0,0,0,0,0,0,0,0,0,0,0,0,0,0,0,0,0,0,0,0,0,0,0,0,0,0,0,0,0,0,7,7,0,0,0,0,0,0,0,0,0,0,0,0,0,0,0,0,0,0,0,0,0,0,0,0,0,0,0,0,0,0,0,0,0,0,0,0,0,0,0,1,1,1,1,1,1,1,1,1,1,1,1,1,1,1,1,1,1,1,1,1,1,1,1,1,1,1,1,1,1,1,1,1,1,1,1,1,1,1,1,1,1,1,1,1,1,1,1,1,1,1,1,1,1,1,2,4,5,14,15,15,16,18,19,19,22,22,22,27,29,32,36,38,38,39,41,41,40,40,40,40,40,41,42,42,42,42,42,42,42,42,42,43,44,46,46,46,46,46,46,46,46,47,47,47,47,46,46,46,46,47,48,48,48,48,48,48,48,48,48,51,52,52,52,51,52,53,54,55,55,56,56,56,59,59,63,67,67,67,68,68,68,69,70,70,70,73,73,75,78,79,79,79,81,85,86,86,86,95,96,105,115,121,127,135,136,143,149,159,165,173,175,180,195,203,219,228,247,253,260,274,293,304,321,330,364,365,373,386,409
Pierce,0,0,0,0,0,0,0,0,0,0,0,0,0,0,0,0,0,0,0,0,0,0,0,0,0,0,0,0,0,0,0,0,0,0,0,0,0,0,0,0,0,0,0,0,0,0,0,0,1,2,1,1,1,1,1,1,1,1,1,1,1,3,3,3,3,4,4,4,6,7,7,7,7,7,7,7,7,7,7,7,7,7,7,7,7,7,7,7,7,7,8,8,8,8,8,9,9,9,10,10,10,10,10,10,11,11,12,12,12,12,13,14,14,15,16,17,20,21,22,26,30,34,36,42,42,43,43,44,45,45,45,45,47,47,49,50,50,50,50,51,51,51,51,52,54,57,57,57,57,57,57,57,57,57,57,60,64,65,66,68,68,68,68,72,73,75,76,77,80,83,92,99,100,103,110,113,119,123,125,128,128,133,136,140,140,146,148,148,152,159,160,164,169,170,174,178,183,197,204,209,222,224,224,230,230,232,239,244,247,247,253,256,261,266,270,271,276,276,281,285,289,291,291,293,294,295,296,302,310,310,312,314,317,321,325,327,333,341,348,358,364,379,388,396,408,414,419,428,434,438,442,448,450,456,457,468,470,474,480,492,498,511,523,529,533,540,548,559,582,582,582,849,868,842,864,878,887,897,911,922,932,969,1000,1027,1052,1080,1120,1163,1218,1275,1325,1357,1393,1462,1515,1575,1654,1718,1765,1793,1857,1931,2019
Polk,0,0,0,0,0,0,0,0,0,0,0,0,0,0,0,0,0,0,0,0,0,0,0,0,0,0,0,0,0,0,0,0,0,0,0,0,0,0,0,0,0,0,0,0,0,0,0,0,0,0,0,0,0,0,0,0,0,0,0,0,0,0,0,0,0,0,0,0,0,0,0,0,0,0,0,0,0,0,0,1,1,3,3,3,3,3,4,4,4,4,4,4,4,4,4,4,4,4,4,4,4,4,4,4,4,5,5,5,5,5,5,5,5,6,6,6,6,6,7,7,9,13,15,16,16,16,17,18,18,19,19,19,22,24,28,31,33,33,33,34,36,37,36,36,37,37,36,37,37,39,40,40,40,40,41,41,43,43,46,48,48,52,57,59,59,60,60,61,63,63,66,68,69,69,75,74,75,75,79,79,81,84,88,91,94,95,97,98,103,105,108,111,117,120,120,125,126,126,126,131,132,132,137,138,138,140,140,143,143,143,147,150,152,153,156,156,159,164,167,170,171,171,171,171,176,179,179,183,183,187,188,189,188,200,204,205,205,212,214,214,214,219,218,220,224,228,231,236,241,244,248,250,253,263,271,279,282,290,294,298,303,311,319,331,338,347,363,375,388,388,388,415,433,459,468,487,505,539,551,562,578,599,612,656,680,696,725,745,802,870,895,977,1019,1075,1158,1309,1392,1421,1516,1597,1644,1708,1738
Portage,0,0,0,0,0,0,0,0,0,0,0,0,0,0,0,0,0,0,0,0,0,0,0,0,0,0,0,0,0,0,0,0,0,0,0,0,0,0,0,0,0,0,0,0,0,0,0,0,0,0,0,0,0,0,0,0,0,0,0,0,0,0,0,0,1,1,1,1,1,1,1,2,3,3,3,3,4,4,4,4,4,4,4,4,4,4,4,4,4,4,4,4,4,4,4,4,4,4,5,5,5,6,6,7,7,7,7,7,7,7,7,7,7,7,7,7,7,7,7,7,8,8,9,10,10,10,10,11,11,11,11,12,14,14,14,23,33,35,35,39,51,66,68,71,75,79,82,82,86,87,90,91,96,99,101,107,117,128,130,135,142,147,162,168,181,192,196,200,204,211,224,234,250,254,258,260,263,266,279,287,292,296,303,310,316,318,321,322,323,327,330,337,344,354,355,358,367,377,389,405,411,420,426,428,438,448,457,467,470,470,481,487,497,505,507,512,524,534,550,569,587,596,603,633,652,667,686,699,735,754,773,793,824,846,870,920,949,974,1004,1038,1086,1127,1169,1218,1244,1270,1286,1335,1379,1415,1464,1481,1512,1545,1577,1639,1671,1702,1723,1751,1765,1797,1823,1873,1927,1952,2004,2065,2121,2121,2121,2329,2388,2457,2496,2574,2628,2711,2753,2809,2856,2894,2985,3057,3087,3164,3235,3309,3382,3460,3512,3596,3642,3719,3787,3854,4003,4019,4141,4221,4238,4304,4387
Price,0,0,0,0,0,0,0,0,0,0,0,0,0,0,0,0,0,0,0,0,0,0,0,0,0,0,0,0,0,0,0,0,0,0,0,0,0,0,0,0,0,0,0,0,0,0,0,0,0,0,0,0,0,0,0,0,0,0,0,0,0,0,0,0,0,0,0,0,0,0,0,0,0,0,0,0,0,0,0,0,1,1,1,1,1,1,1,1,1,1,1,1,1,1,1,1,1,1,1,1,1,1,1,1,1,1,1,1,1,1,1,1,1,1,1,1,1,1,1,1,2,2,2,2,2,2,2,2,2,2,2,2,2,2,2,2,2,2,2,2,2,2,2,2,2,2,2,2,2,2,2,2,2,2,2,2,2,2,2,2,2,2,2,2,2,2,2,2,2,4,6,8,8,8,8,9,9,9,11,12,13,14,16,18,18,19,19,19,19,18,18,19,21,22,21,22,25,26,29,33,32,33,33,33,32,32,32,33,33,33,33,33,33,33,33,33,34,35,37,36,36,36,36,36,36,35,36,36,36,36,36,36,36,37,37,38,38,39,40,41,43,50,52,51,55,57,69,73,88,107,110,118,119,135,146,155,160,167,185,200,207,219,225,227,239,240,250,267,272,272,272,291,302,309,331,344,351,361,371,375,385,391,401,427,430,436,446,457,472,493,499,508,514,528,542,557,568,572,600,605,621,642,651
Racine,0,0,0,0,0,0,0,0,0,0,0,0,0,0,0,0,0,0,0,0,0,0,0,0,0,0,0,0,0,0,0,0,0,0,0,0,0,0,0,0,0,0,0,0,0,0,0,0,0,0,0,1,1,1,1,1,1,3,3,4,4,5,5,7,8,9,16,17,21,26,28,35,41,41,54,57,66,66,84,100,105,117,117,135,138,143,157,164,168,174,185,198,215,229,255,270,273,308,317,355,393,408,435,457,535,559,590,634,680,704,724,763,785,833,920,1004,1017,1034,1061,1115,1166,1269,1311,1387,1394,1395,1579,1605,1652,1714,1722,1733,1762,1797,1838,1878,1906,1910,1911,1939,1952,1966,1975,1986,1989,1991,2033,2039,2053,2066,2079,2081,2090,2107,2114,2124,2144,2148,2151,2155,2171,2176,2187,2194,2196,2217,2218,2253,2272,2294,2306,2326,2339,2349,2391,2418,2463,2519,2564,2589,2624,2715,2739,2794,2839,2881,2906,2951,2984,3011,3058,3095,3191,3245,3249,3311,3343,3364,3459,3499,3514,3526,3567,3571,3599,3643,3665,3676,3689,3689,3745,3762,3794,3826,3840,3840,3867,3897,3931,3960,3988,3998,4006,4026,4049,4063,4129,4147,4154,4158,4158,4193,4213,4226,4243,4259,4261,4299,4321,4348,4377,4419,4425,4512,4559,4585,4656,4723,4805,4857,4908,4947,4976,5061,5135,5189,5233,5240,5298,5349,5434,5486,5508,5557,5581,5678,5840,5951,6036,6036,6036,6913,7087,7231,7280,7498,7650,7682,7720,8054,8251,8414,8724,8962,9033,9199,9448,9641,9909,10209,10477,10620,10793,11135,11411,11735,12178,12325,12423,12534,12987,13245,13501
Richland,0,0,0,0,0,0,0,0,0,0,0,0,0,0,0,0,0,0,0,0,0,0,0,0,0,0,0,0,0,0,0,0,0,0,0,0,0,0,0,0,0,0,0,0,0,0,0,0,0,0,0,0,0,0,0,0,0,0,0,0,0,0,0,0,0,0,2,2,2,2,2,2,2,2,3,3,3,3,3,4,5,5,5,6,7,7,8,8,8,8,8,9,10,10,10,11,11,11,11,12,12,12,13,13,13,13,13,13,13,13,13,13,13,13,13,14,14,14,14,14,14,14,14,14,14,14,14,14,14,14,14,14,14,14,14,14,14,14,14,14,14,14,14,14,14,14,14,14,14,15,15,15,15,15,15,15,15,15,15,15,15,15,15,15,15,15,15,15,15,15,16,16,17,17,17,17,17,18,18,18,18,19,19,19,21,21,21,21,21,22,25,25,27,32,32,32,34,34,36,37,37,37,37,37,37,37,38,38,38,38,38,38,40,41,41,41,42,44,44,46,47,49,49,51,51,56,56,61,61,61,61,61,63,65,70,73,73,74,76,80,85,86,92,92,93,95,103,118,123,134,134,141,147,166,186,196,214,229,236,243,261,276,287,300,303,329,332,350,364,364,364,383,403,417,428,437,448,462,464,474,487,494,504,513,516,535,549,558,566,592,606,606,618,645,667,679,693,712,732,744,751,759,774
Rock,0,0,0,0,0,0,0,0,0,0,0,0,0,0,0,0,0,0,0,0,0,0,0,0,0,0,0,0,0,0,0,0,0,0,0,0,0,0,0,0,0,0,0,0,0,0,0,0,0,0,0,0,0,0,0,0,0,0,2,3,3,3,3,4,8,12,12,14,15,16,17,19,20,20,28,34,37,37,47,51,53,56,60,59,62,63,63,68,74,80,83,86,99,120,151,151,164,178,183,198,222,243,262,289,301,311,324,343,347,354,361,369,380,393,406,422,429,432,438,452,493,520,529,545,569,583,588,607,620,632,636,639,646,658,671,682,685,685,707,714,724,729,744,752,754,754,761,767,773,777,783,791,791,800,816,819,827,839,848,853,864,873,882,897,897,899,940,947,964,982,1008,1023,1041,1041,1071,1081,1103,1124,1143,1171,1171,1200,1228,1244,1255,1279,1290,1299,1305,1325,1330,1342,1357,1366,1371,1375,1382,1395,1410,1425,1432,1441,1444,1447,1462,1470,1477,1484,1494,1494,1506,1514,1535,1554,1560,1571,1582,1597,1613,1641,1667,1667,1686,1704,1718,1735,1763,1786,1822,1839,1862,1875,1926,1959,1980,2011,2038,2063,2091,2126,2162,2207,2231,2268,2287,2327,2382,2447,2473,2540,2573,2601,2619,2670,2723,2782,2783,2860,2880,2939,3005,3109,3211,3280,3423,3477,3538,3634,3828,3828,3828,4328,4413,4514,4677,4745,4833,4960,5150,5305,5364,5428,5653,5796,5957,6043,6139,6241,6358,6455,6653,6884,7023,7089,7241,7396,7546,7698,7995,8184,8294,8382,8468
Rusk,0,0,0,0,0,0,0,0,0,0,0,0,0,0,0,0,0,0,0,0,0,0,0,0,0,0,0,0,0,0,0,0,0,0,0,0,0,0,0,0,0,0,0,0,0,0,0,0,0,0,0,0,0,0,0,0,0,0,0,0,0,0,0,0,0,0,0,0,0,0,0,0,1,1,3,3,3,3,3,3,3,3,3,3,3,3,3,4,4,4,4,4,4,4,4,4,4,4,4,4,4,4,4,4,4,4,4,4,4,4,4,4,4,4,4,4,4,4,4,4,4,4,4,4,4,4,5,5,5,5,5,5,5,5,5,5,5,5,5,5,5,7,9,9,10,10,10,10,10,10,11,11,11,11,11,11,11,11,11,11,11,11,11,11,11,11,11,11,11,11,11,11,11,11,11,12,13,13,13,13,13,13,13,13,13,13,13,13,13,13,13,14,15,16,16,16,16,17,17,20,20,21,21,21,21,21,22,22,23,23,22,22,22,23,23,23,24,24,24,24,24,24,24,24,25,24,24,29,30,31,30,30,31,35,36,37,40,39,40,41,46,48,49,50,52,52,55,59,61,61,62,64,64,66,69,70,72,75,77,78,86,86,91,98,102,102,103,109,139,139,139,163,162,171,176,193,205,213,214,219,224,236,244,253,263,275,304,317,340,353,395,397,402,433,474,521,549,558,614,638,651,698,726
Sauk,0,0,0,0,0,0,0,0,0,0,0,0,0,0,0,0,0,0,0,0,0,0,0,0,0,0,0,0,0,0,0,0,0,0,0,0,0,0,0,0,0,0,0,0,0,0,0,0,0,0,0,0,0,0,0,0,0,1,2,2,2,3,4,6,7,8,11,12,13,13,14,16,18,18,18,18,20,20,21,25,25,26,26,28,31,31,31,32,33,34,34,36,37,38,38,40,42,44,44,45,58,64,65,66,67,70,69,69,71,71,72,73,73,74,76,77,77,77,77,77,77,77,77,77,77,77,78,78,78,78,78,78,79,81,81,81,81,83,83,84,84,84,84,86,85,85,87,87,88,90,94,96,96,97,97,98,98,100,102,105,107,108,109,117,119,123,123,123,130,137,144,147,164,169,190,191,194,201,205,218,230,232,247,253,262,273,288,293,309,319,338,347,372,386,392,405,411,423,425,433,444,444,452,472,484,495,502,512,513,513,537,547,560,569,588,590,598,604,628,627,634,644,644,650,654,660,673,675,678,679,682,683,691,698,708,723,724,730,742,758,777,785,805,806,822,832,858,868,885,902,907,928,944,965,992,1012,1030,1030,1079,1099,1139,1151,1188,1230,1245,1285,1328,1373,1383,1383,1383,1514,1547,1573,1597,1649,1673,1705,1706,1795,1850,1877,1951,1996,2037,2060,2165,2229,2296,2397,2469,2521,2585,2675,2716,2836,2898,2936,3006,3051,3069,3131,3171
Sawyer,0,0,0,0,0,0,0,0,0,0,0,0,0,0,0,0,0,0,0,0,0,0,0,0,0,0,0,0,0,0,0,0,0,0,0,0,0,0,0,0,0,0,0,0,0,0,0,0,0,0,0,0,0,0,0,0,0,0,0,0,0,0,0,0,0,0,0,0,0,0,0,0,0,0,0,0,0,0,1,1,1,1,1,2,2,2,2,2,2,2,2,2,2,2,2,3,3,3,3,3,3,3,3,4,4,4,4,4,4,4,4,4,4,4,4,4,4,4,4,4,7,7,7,7,7,7,7,8,8,8,8,8,8,8,8,8,8,8,8,9,9,9,9,9,9,9,9,9,9,9,9,9,9,9,9,10,12,12,12,12,12,12,12,12,12,12,12,13,14,15,15,15,15,15,15,15,15,17,19,19,19,19,19,19,21,21,24,25,26,27,31,34,36,37,40,43,50,52,52,59,67,69,76,82,86,92,101,110,113,113,120,127,134,140,142,143,147,150,151,157,157,159,160,162,162,163,165,165,166,166,166,167,169,170,176,183,185,185,730,190,192,195,195,195,196,196,200,202,206,211,214,219,225,229,233,239,245,252,258,263,268,273,279,282,284,288,293,304,319,319,319,344,351,352,356,359,365,367,372,375,383,394,403,422,424,427,436,451,468,484,502,510,517,535,560,580,603,622,653,666,691,716,733
Shawano,0,0,0,0,0,0,0,0,0,0,0,0,0,0,0,0,0,0,0,0,0,0,0,0,0,0,0,0,0,0,0,0,0,0,0,0,0,0,0,0,0,0,0,0,0,0,0,0,0,0,0,0,0,0,0,0,0,0,0,0,0,0,0,0,0,0,0,0,0,0,0,0,0,0,1,2,3,3,4,5,5,5,5,6,6,6,6,6,6,6,6,6,6,8,8,8,8,8,10,10,15,16,16,16,17,17,17,20,20,22,25,25,27,28,29,31,31,33,33,34,36,36,37,38,38,38,41,43,45,46,47,48,50,51,53,53,56,56,57,60,60,60,62,62,63,64,64,64,66,66,68,68,70,70,70,73,74,75,75,76,78,78,78,81,83,86,86,86,87,89,91,94,95,95,101,104,106,107,108,110,113,116,118,119,124,127,129,132,138,139,143,147,153,158,161,163,168,173,178,190,196,200,204,205,207,210,214,217,221,221,224,223,228,229,231,234,239,239,245,258,262,268,271,279,287,289,307,308,317,324,335,352,363,370,378,391,399,407,186,440,470,513,574,588,606,643,688,732,791,864,922,968,1014,1080,1138,1197,1271,1304,1332,1358,1415,1475,1512,1588,1616,1649,1720,1773,1840,1840,1840,1937,2012,2107,2152,2234,2306,2348,2376,2425,2461,2526,2588,2654,2712,2736,2768,2811,2862,2935,2991,3016,3046,3095,3134,3204,3263,3321,3407,3428,3458,3504,3544
Sheboygan,0,0,0,0,0,0,0,0,0,0,0,0,0,0,0,0,0,0,0,0,0,0,0,0,0,0,0,0,0,0,0,0,0,0,0,0,0,0,0,0,0,0,0,0,0,0,0,0,0,0,0,3,3,3,3,3,4,6,6,6,6,6,6,7,7,7,8,8,8,11,12,16,20,20,21,21,30,32,31,33,34,34,36,36,37,37,38,39,40,43,43,44,44,45,44,45,46,46,46,47,49,51,52,53,55,59,65,65,65,66,66,66,66,67,68,68,69,69,70,73,76,78,82,82,82,83,83,84,87,88,90,90,95,98,101,105,111,114,114,118,120,129,137,147,157,158,166,171,177,176,179,185,185,186,187,189,190,195,198,201,208,208,214,223,224,229,236,245,255,265,275,283,287,293,312,326,340,368,374,386,398,410,419,433,446,464,473,483,505,558,573,578,586,609,622,636,682,720,733,742,746,753,776,786,804,814,835,842,850,850,893,903,917,929,933,939,962,980,1000,1014,1022,1032,1037,1069,1091,1103,1141,1153,1167,1170,1175,1192,1199,1210,1227,1233,1243,1277,421,1317,1415,1434,1443,1454,1492,1501,1529,1549,1568,1578,1594,1710,1814,1970,2072,2155,2169,2180,2261,2321,2374,2465,2496,2535,2560,2597,2710,2828,2949,2949,2949,3715,3942,4100,4208,4310,4491,4494,4706,4814,4928,5056,5138,5342,5474,5545,5741,5886,5969,6102,6213,6214,6337,6572,6878,7108,7371,7410,7480,7483,7898,8105,8295
St. Croix,0,0,0,0,0,0,0,0,0,0,0,0,0,0,0,0,0,0,0,0,0,0,0,0,0,0,0,0,0,0,0,0,0,0,0,0,0,0,0,0,0,0,0,0,0,0,0,0,0,0,0,0,0,0,0,0,0,1,2,2,2,3,4,4,4,4,4,4,4,5,6,6,7,7,7,7,7,7,7,7,8,9,10,10,10,11,11,11,11,11,11,12,13,13,13,13,13,13,13,16,16,16,18,20,21,23,23,26,27,27,29,31,36,37,37,39,44,48,48,52,57,58,65,67,68,70,71,74,77,81,86,92,95,97,100,102,105,105,106,107,108,108,110,111,111,111,116,116,119,122,126,128,131,134,135,141,150,155,158,159,164,171,179,191,202,205,218,231,238,243,257,263,280,288,294,297,310,316,325,329,333,337,346,356,375,386,390,398,400,424,433,439,442,447,452,457,470,476,481,485,493,502,512,514,524,528,534,536,544,544,552,554,562,574,590,591,598,605,611,618,628,636,637,645,646,657,665,670,675,677,679,688,701,707,711,718,725,733,1294,760,773,798,810,833,840,859,868,885,902,914,934,947,960,970,1000,1027,1052,1066,1081,1099,1126,1155,1173,1210,1232,1254,1305,1332,1367,1367,1367,1511,1555,1634,1667,1698,1759,1786,1868,1899,1952,2013,2074,2155,2201,2291,2357,2438,2485,2576,2657,2742,2834,2944,3072,3168,3306,3368,3483,3589,3667,3770,3886
Taylor,0,0,0,0,0,0,0,0,0,0,0,0,0,0,0,0,0,0,0,0,0,0,0,0,0,0,0,0,0,0,0,0,0,0,0,0,0,0,0,0,0,0,0,0,0,0,0,0,0,0,0,0,0,0,0,0,0,0,0,0,0,0,0,0,0,0,0,0,0,0,0,0,0,0,0,0,0,0,0,0,0,0,0,0,0,0,0,0,0,0,0,0,0,0,0,0,0,0,0,0,0,0,0,0,0,0,0,0,0,0,0,0,0,0,0,0,0,0,0,0,1,1,1,1,1,1,1,1,2,2,2,2,2,2,2,2,2,2,2,2,2,2,2,2,3,5,5,5,6,8,9,9,8,9,10,10,10,11,12,12,12,13,14,16,16,15,15,16,17,18,19,17,17,21,23,25,26,29,30,32,33,34,34,37,38,39,41,41,41,42,44,47,50,52,54,55,59,61,64,69,69,71,71,73,73,77,76,78,78,78,77,78,79,81,83,85,85,87,90,93,98,103,104,112,113,116,117,119,121,126,123,123,127,128,129,132,132,137,139,143,144,147,151,151,156,157,163,167,174,184,191,194,202,206,224,228,236,243,245,254,259,273,276,282,290,296,309,324,334,334,334,370,391,404,416,434,459,472,485,500,516,530,551,571,589,598,634,652,667,683,712,721,737,768,790,808,835,870,895,927,946,1035,1063
Trempealeau,0,0,0,0,0,0,0,0,0,0,0,0,0,0,0,0,0,0,0,0,0,0,0,0,0,0,0,0,0,0,0,0,0,0,0,0,0,0,0,0,0,0,0,0,0,0,0,0,0,0,0,0,0,0,0,0,0,0,0,0,0,0,0,0,0,0,0,0,0,0,0,1,1,1,1,1,1,1,1,1,1,1,1,1,1,1,1,1,1,1,1,1,1,2,2,2,2,2,2,3,3,3,3,4,4,5,5,5,5,5,5,6,6,7,7,7,10,11,11,11,13,13,14,18,20,21,22,23,24,25,25,25,26,29,30,32,38,40,42,43,44,49,49,56,57,64,71,80,85,86,91,91,92,92,98,104,106,111,112,111,116,118,122,126,129,131,137,140,158,168,172,178,180,184,187,194,213,219,227,227,228,238,242,245,255,256,262,262,277,281,285,301,305,307,307,313,322,329,332,336,336,338,345,354,360,364,370,371,370,370,387,389,392,395,395,395,400,407,411,411,411,411,411,421,426,431,437,441,442,441,441,445,448,452,455,457,474,476,491,499,512,526,531,536,569,580,596,610,623,630,634,656,670,686,705,717,719,722,742,748,764,774,787,787,787,807,816,821,842,842,842,898,915,929,941,981,985,986,1011,1029,1059,1088,1124,1147,1168,1182,1223,1261,1302,1333,1388,1389,1411,1466,1540,1600,1672,1714,1718,1772,1892,1990,2022
Unassigned,0,0,0,0,0,0,0,0,0,0,0,0,0,0,0,0,0,0,0,0,0,0,0,0,0,0,0,0,0,0,0,0,0,0,0,0,0,0,0,0,0,0,0,0,0,0,0,0,0,0,0,0,0,0,0,0,0,0,0,0,0,0,0,0,0,61,0,0,0,0,0,0,0,0,0,0,0,0,0,0,0,0,0,1,1,0,0,0,0,0,0,0,0,0,0,0,0,0,0,0,0,0,0,0,0,0,0,0,0,0,0,0,0,0,0,0,0,0,0,0,0,0,0,0,0,0,0,0,0,0,0,0,0,0,0,0,0,0,0,0,0,0,0,0,0,0,0,0,0,0,0,0,0,0,0,0,0,0,0,0,0,0,0,0,0,0,0,0,0,0,0,0,0,0,0,0,0,0,0,0,0,0,0,0,0,0,0,0,0,0,0,0,0,0,0,0,0,0,0,0,0,0,0,0,0,0,0,0,0,0,0,0,0,0,0,0,0,0,0,0,0,0,0,0,0,0,0,0,0,0,0,0,0,0,0,0,0,0,0,0,0,0,0,0,0,0,0,0,0,0,0,0,0,0,0,0,0,0,0,0,0,0,0,0,0,0,0,0,0,0,0,0,0,0,0,0,0,0,0,0,0,0,0,0,0,0,0,0,0,0,0,0,0,0,0,0,0,0,0,0,0,0,0
Vernon,0,0,0,0,0,0,0,0,0,0,0,0,0,0,0,0,0,0,0,0,0,0,0,0,0,0,0,0,0,0,0,0,0,0,0,0,0,0,0,0,0,0,0,0,0,0,0,0,0,0,0,0,0,0,0,0,0,0,0,0,0,0,0,0,0,0,0,0,0,0,0,0,0,0,0,0,0,0,0,0,0,0,0,0,0,0,0,0,0,0,0,0,0,1,1,1,1,1,1,1,1,1,1,2,2,2,2,3,3,3,3,4,6,7,8,10,11,11,12,12,13,14,14,16,16,17,19,20,21,21,21,21,21,21,21,21,21,21,21,22,22,23,23,24,24,24,24,26,28,29,29,29,30,31,31,32,32,32,32,32,35,36,37,38,38,38,38,38,39,40,41,40,40,40,42,42,42,43,45,45,45,46,46,46,46,47,48,48,51,51,54,55,58,58,58,60,59,59,59,62,64,64,66,67,68,70,71,74,77,77,79,80,84,86,86,86,86,89,93,94,97,98,107,103,105,107,115,115,117,117,119,119,123,132,136,142,145,144,148,158,164,167,172,180,183,186,193,208,215,228,234,238,247,257,262,274,282,287,300,310,322,332,355,368,375,381,394,401,418,418,418,438,439,455,459,468,468,478,490,500,504,520,533,543,548,561,567,587,612,627,655,673,691,716,741,768,791,802,830,861,879,900,924
Vilas,0,0,0,0,0,0,0,0,0,0,0,0,0,0,0,0,0,0,0,0,0,0,0,0,0,0,0,0,0,0,0,0,0,0,0,0,0,0,0,0,0,0,0,0,0,0,0,0,0,0,0,0,0,0,0,0,0,0,0,0,0,0,0,0,1,2,2,2,3,3,3,3,3,3,4,4,4,4,4,4,4,4,4,4,4,4,4,4,4,4,4,4,4,4,4,4,4,4,4,4,4,4,4,4,4,4,4,4,4,4,4,4,4,4,4,4,4,4,4,4,5,6,6,6,6,6,6,6,6,7,7,8,8,8,8,8,8,8,8,8,8,8,8,8,8,8,8,8,10,10,10,10,10,11,10,10,10,10,10,10,10,10,10,10,10,10,11,14,14,14,15,16,17,17,17,17,17,18,20,21,21,21,20,21,22,22,22,22,24,25,28,29,30,38,38,39,40,45,48,53,53,55,60,65,66,69,73,74,74,74,83,89,88,89,90,93,95,95,97,98,102,104,105,111,114,120,124,124,128,128,135,136,136,136,136,142,145,148,154,155,157,166,168,172,174,177,184,193,201,212,217,227,237,243,253,272,286,298,303,307,319,328,336,338,343,353,367,388,397,397,397,440,467,478,498,528,540,557,563,575,583,605,632,658,677,689,694,744,766,776,821,841,852,869,904,920,941,958,987,1012,1038,1064,1078
Walworth,0,0,0,0,0,0,0,0,0,0,0,0,0,0,0,0,0,0,0,0,0,0,0,0,0,0,0,0,0,0,0,0,0,0,0,0,0,0,0,0,0,0,0,0,0,0,0,0,0,0,0,0,0,0,0,0,1,2,3,3,3,3,4,5,5,5,6,6,6,6,12,15,15,15,20,20,21,21,28,35,35,37,38,45,49,71,75,89,89,86,90,94,100,113,132,135,138,139,156,161,171,183,197,211,212,215,226,226,229,235,240,244,243,251,269,277,280,284,287,296,316,329,339,348,351,351,363,372,379,392,395,397,398,424,424,428,435,435,440,452,456,468,469,471,471,471,480,481,487,488,497,498,498,509,522,546,559,570,572,574,607,612,622,650,677,689,691,701,713,723,734,752,754,791,800,815,826,858,897,902,942,964,983,993,1006,1024,1051,1067,1083,1103,1142,1179,1225,1237,1258,1265,1291,1284,1298,1314,1335,1335,1359,1369,1401,1430,1479,1499,1516,1516,1534,1546,1573,1591,1591,1604,1623,1636,1652,1673,1689,1695,1703,1712,1726,1732,1765,1790,1810,1832,1836,1880,1966,2003,2058,2093,2116,2239,2282,2332,2374,2421,2428,2458,2484,2503,2525,2549,2578,2584,2584,2618,2629,2645,2718,2728,2749,2760,2780,2797,2825,2850,2885,2895,2907,2934,2959,2989,3026,3026,3026,3285,3348,3392,3424,3453,3531,3572,3632,3666,3698,3741,3803,3901,3902,3907,4022,4065,4215,4382,4506,4541,4625,4791,4881,5014,5189,5279,5374,5435,5658,5796,5937
Washburn,0,0,0,0,0,0,0,0,0,0,0,0,0,0,0,0,0,0,0,0,0,0,0,0,0,0,0,0,0,0,0,0,0,0,0,0,0,0,0,0,0,0,0,0,0,0,0,0,0,0,0,0,0,0,0,0,0,0,0,0,0,0,0,0,0,0,0,0,0,0,0,0,0,0,0,0,0,0,0,0,0,0,0,0,0,1,1,1,1,1,1,1,1,1,1,1,1,1,1,1,1,1,1,1,1,1,1,1,1,1,1,1,1,1,1,1,1,1,1,1,2,2,2,2,2,2,2,2,2,2,2,2,2,2,2,2,3,3,3,3,3,3,3,3,3,3,3,3,3,4,4,4,4,4,4,4,4,4,4,4,4,4,4,4,4,4,4,5,5,5,5,6,6,6,6,6,6,6,7,7,7,8,8,9,9,9,10,12,13,14,17,21,29,34,35,38,39,41,41,45,47,48,47,47,49,48,49,50,50,50,51,52,53,55,55,56,56,58,59,60,63,64,65,69,69,70,71,71,76,77,77,77,78,79,80,83,83,83,84,85,87,91,91,92,94,95,96,98,101,102,107,113,114,116,122,128,129,135,139,144,144,144,148,150,154,159,161,168,173,173,173,188,209,216,222,226,232,238,238,249,252,260,268,270,274,279,291,299,311,323,331,338,346,364,375,392,420,443,466,484,504,526,549
Washington,0,0,0,0,0,0,0,0,0,0,0,0,0,0,0,0,0,0,0,0,0,0,0,0,0,0,0,0,0,0,0,0,0,0,0,0,0,0,0,0,0,0,0,0,0,0,0,0,0,0,0,0,0,0,0,0,2,2,3,3,14,15,17,21,25,27,31,31,34,40,44,46,52,52,57,57,59,63,63,67,71,71,73,73,78,79,81,82,84,86,87,88,90,91,92,92,94,96,97,98,99,100,101,104,106,107,113,114,116,117,118,119,122,125,129,140,148,149,155,163,171,178,181,193,206,209,212,233,238,248,252,257,260,261,266,272,277,277,279,281,283,287,289,290,290,294,296,299,303,307,313,321,322,326,330,335,337,348,354,358,368,380,395,411,422,430,436,443,451,461,466,482,490,489,500,510,519,535,552,570,570,591,608,631,662,675,700,703,724,747,791,805,860,880,880,913,945,967,991,1039,1066,1066,1108,1115,1147,1188,1207,1259,1259,1259,1320,1357,1403,1441,1458,1460,1482,1521,1543,1565,1595,1622,1622,1656,1669,1688,1737,1762,1775,1776,1814,1826,1844,1880,1921,1973,1973,2016,2051,2108,2156,2212,2268,2268,2324,2380,2442,2497,2534,2604,2604,2662,2697,2750,2815,2873,2916,2922,2976,3028,3098,3155,3198,3284,3296,3394,3472,3561,3648,3648,3648,3993,4141,4259,4303,4348,4470,4562,4574,4663,4809,4968,5110,5208,5291,5309,5443,5690,5863,5954,6274,6348,6439,6672,6903,7098,7465,7601,7799,7848,8019,8192,8392
Waukesha,0,0,0,0,0,0,0,0,0,0,0,0,0,0,0,0,0,0,0,0,0,0,0,0,0,0,0,0,0,0,0,0,0,0,0,0,0,0,0,0,0,0,0,0,0,0,0,0,0,0,1,1,3,3,3,4,5,12,15,20,30,31,31,42,56,61,72,83,93,101,107,120,141,141,154,160,166,166,184,193,201,209,218,224,238,245,255,259,265,269,274,278,280,289,299,307,313,321,329,336,350,356,360,367,368,374,380,387,396,400,409,414,421,444,454,467,476,482,492,514,527,537,553,561,567,578,593,650,665,690,696,709,722,744,765,778,795,808,823,829,842,865,884,894,904,915,928,942,958,972,991,1003,1015,1020,1056,1069,1085,1119,1133,1151,1175,1210,1250,1272,1317,1379,1412,1429,1483,1526,1576,1630,1680,1725,1804,1878,1950,2022,2152,2185,2221,2449,2540,2632,2774,2863,3001,3092,3174,3284,3380,3488,3578,3663,3693,3765,3841,3930,4030,4188,4234,4299,4354,4402,4515,4657,4746,4810,4854,4854,4998,5063,5138,5213,5213,5267,5286,5353,5416,5475,5525,5565,5568,5607,5650,5680,5754,5788,5819,5843,5873,5886,5941,6011,6053,6115,6131,6170,6240,6287,6452,6545,6605,6664,6763,6838,6945,7075,7254,7362,7398,7529,7604,7777,7923,8059,8118,8227,8289,8410,8597,8775,8887,8933,9003,9390,9532,9723,9935,9935,9935,11170,11451,11808,12032,12329,12597,12675,12865,13184,13471,13759,14090,14462,14569,14687,15022,15392,15867,16334,16659,16873,17195,17722,18251,18908,19509,20164,20329,20617,21758,23149,24298
Waupaca,0,0,0,0,0,0,0,0,0,0,0,0,0,0,0,0,0,0,0,0,0,0,0,0,0,0,0,0,0,0,0,0,0,0,0,0,0,0,0,0,0,0,0,0,0,0,0,0,0,0,0,0,0,0,0,0,0,0,0,0,0,0,0,0,1,1,1,1,1,1,2,2,2,2,2,2,2,2,3,3,3,4,4,4,4,4,4,4,4,4,4,5,6,7,7,7,7,7,8,8,10,10,10,10,10,10,10,11,13,13,13,13,14,15,16,17,17,17,19,19,19,20,20,23,23,26,27,27,29,39,41,42,45,45,47,49,51,57,58,58,61,63,66,71,78,79,80,82,84,87,89,91,91,95,96,101,104,106,106,106,113,116,121,122,128,135,139,145,152,157,161,169,175,182,188,196,202,205,212,215,224,239,248,259,270,275,312,330,331,334,344,350,359,370,379,392,408,417,430,442,453,468,473,480,494,507,520,526,531,531,554,563,571,580,592,593,599,615,632,647,655,662,663,684,690,704,734,750,762,773,778,783,789,798,806,812,815,821,831,841,864,894,908,920,934,942,963,987,1011,1043,1065,1092,1122,1203,1235,1275,1320,1364,1391,1430,1495,1518,1560,1604,1661,1689,1741,1806,1849,1849,1849,2178,2192,2242,2293,2336,2455,2497,2535,2598,2637,2710,2779,2867,2895,2932,2985,3022,3079,3149,3241,3287,3305,3365,3427,3481,3554,3561,3665,3678,3727,3778,3821
Waushara,0,0,0,0,0,0,0,0,0,0,0,0,0,0,0,0,0,0,0,0,0,0,0,0,0,0,0,0,0,0,0,0,0,0,0,0,0,0,0,0,0,0,0,0,0,0,0,0,0,0,0,0,0,0,0,0,0,0,0,0,0,0,0,0,0,0,0,0,0,0,0,0,0,0,0,1,1,1,2,2,2,2,2,2,2,2,2,2,2,2,2,2,2,2,2,2,2,2,2,2,2,2,2,2,4,4,4,4,4,4,4,4,4,4,5,5,5,7,7,7,7,7,7,8,8,8,8,8,8,8,8,8,8,10,9,10,10,10,10,13,13,14,16,16,16,16,20,20,18,19,20,20,20,20,20,20,20,21,23,23,25,29,31,32,34,33,33,34,36,38,41,43,44,45,47,48,49,50,51,52,52,56,57,58,59,62,69,77,86,89,95,99,100,106,107,109,112,112,114,115,116,120,120,120,122,122,127,128,128,128,128,128,132,133,133,135,135,139,142,147,152,154,154,164,167,168,179,181,188,196,200,202,211,222,229,233,238,243,245,248,258,265,270,275,284,289,304,320,331,348,358,372,385,413,419,439,448,471,481,499,524,561,576,596,623,639,653,710,741,741,741,797,828,848,877,915,953,970,988,1017,1033,1059,1073,1104,1120,1128,1318,1400,1440,1456,1477,1491,1503,1524,1538,1566,1592,1610,1628,1641,1657,1681,1700
Winnebago,0,0,0,0,0,0,0,0,0,0,0,0,0,0,0,0,0,0,0,0,0,0,0,0,0,0,0,0,0,0,0,0,0,0,0,0,0,0,0,0,0,0,0,0,0,0,0,0,0,0,0,0,1,1,3,3,5,5,5,5,5,5,5,5,6,6,7,8,10,11,19,24,24,24,20,24,24,24,25,25,25,27,27,29,31,32,34,38,41,41,41,43,46,46,48,48,48,48,51,53,62,67,69,72,83,85,88,91,98,98,100,101,102,108,112,117,123,124,126,134,141,160,166,172,182,191,199,205,224,238,244,249,270,284,309,334,354,385,397,431,457,473,485,506,518,532,537,551,569,579,593,601,608,619,626,634,639,643,655,662,669,683,692,692,701,711,715,723,726,747,755,760,771,777,788,804,810,817,833,847,864,876,884,901,913,931,954,960,970,978,997,1014,1041,1055,1063,1082,1094,1111,1124,1164,1176,1193,1212,1216,1235,1248,1263,1280,1288,1288,1309,1321,1335,1350,1361,1371,1383,1402,1433,1461,1493,1512,1528,1555,1569,1597,1645,1663,1695,1715,1730,1748,1778,1861,1926,1996,2019,2100,2168,2252,2459,2596,2693,2822,2944,2988,3168,3378,3568,3681,3809,4057,4134,4317,4516,4726,4890,5193,5335,5508,5740,5886,6023,6173,6297,6494,6603,6831,7014,7014,7014,7943,8060,8147,8336,8519,8689,8906,8995,9175,9252,9417,9636,9803,9927,10015,10157,10311,10456,10625,10888,11043,11175,11331,11460,11882,12174,12434,12571,12684,12813,12975,13150
Wood,0,0,0,0,0,0,0,0,0,0,0,0,0,0,0,0,0,0,0,0,0,0,0,0,0,0,0,0,0,0,0,0,0,0,0,0,0,0,0,0,0,0,0,0,0,0,0,0,0,0,0,0,0,0,1,1,1,1,1,1,1,1,1,1,1,2,2,2,2,2,2,2,2,2,2,2,2,2,2,2,2,2,2,2,2,2,2,2,2,2,2,2,2,2,2,2,2,2,2,2,2,2,2,2,2,2,2,2,2,2,4,4,4,5,5,6,6,7,8,8,9,9,9,9,9,9,9,10,10,10,10,10,10,10,11,11,11,11,11,12,13,15,16,17,21,23,23,25,28,29,31,32,33,34,37,37,39,42,47,49,51,61,63,69,79,84,86,86,93,99,101,103,107,109,109,112,120,124,128,133,135,140,140,152,156,161,165,171,176,189,204,216,229,238,241,255,263,268,276,286,291,305,322,327,339,357,372,379,381,381,389,399,406,413,417,418,421,425,431,440,450,456,458,472,478,489,506,516,525,530,531,538,541,555,563,575,579,590,616,627,653,665,679,692,707,718,739,759,792,826,829,831,857,878,906,924,944,960,968,987,1013,1058,1088,1114,1132,1152,1182,1226,1254,1254,1254,1446,1467,1503,1526,1619,1654,1714,1728,1776,1816,1882,1947,2040,2056,2085,2172,2314,2337,2406,2483,2594,2690,2812,2871,2972,3131,3262,3291,3320,3406,3612,3727
